UserId,Rvalue,Fvalue,Mvalue,RFM_score
259266,1,1,5,115
259287,5,5,5,555
259308,2,4,4,244
259329,4,1,4,414
259350,1,1,2,112
259392,3,5,4,354
259413,1,1,1,111
259434,1,1,4,114
259455,1,1,2,112
259476,4,3,5,435
259497,3,1,5,315
259518,5,2,3,523
259539,3,4,5,345
259560,3,3,5,335
259581,1,1,1,111
259602,5,5,5,555
259623,2,2,3,223
259644,5,4,4,544
259665,1,2,3,123
259707,5,1,1,511
259770,3,4,5,345
259791,3,2,4,324
259812,3,3,4,334
259833,1,1,2,112
259854,4,1,3,413
259875,5,2,2,522
259917,1,2,4,124
259938,2,1,5,215
259959,2,2,3,223
259980,4,4,5,445
260001,5,4,4,544
260043,1,4,4,144
260064,4,2,3,423
260106,1,2,2,122
260148,4,4,5,445
260190,2,1,3,213
260211,4,1,2,412
260253,2,4,4,244
260274,3,2,4,324
260295,4,5,5,455
260337,3,2,5,325
260358,3,1,4,314
260379,2,4,4,244
260421,1,1,1,111
260442,1,1,1,111
260463,3,1,1,311
260505,2,1,4,214
260526,4,2,5,425
260547,3,4,4,344
260568,4,4,5,445
260589,2,3,5,235
260610,1,2,3,123
260652,2,3,4,234
260673,3,3,3,333
260694,1,3,3,133
260715,4,5,5,455
260757,5,5,5,555
260778,2,1,3,213
260820,3,1,3,313
260841,4,4,3,443
260862,2,3,3,233
260883,5,5,4,554
260904,2,2,4,224
260925,2,1,3,213
260946,1,1,3,113
260967,4,3,3,433
260988,4,5,5,455
261009,5,4,5,545
261030,3,1,2,312
261051,3,5,5,355
261072,3,4,5,345
261093,5,5,5,555
261114,2,2,3,223
261135,2,2,5,225
261156,2,1,2,212
261177,5,5,5,555
261198,4,2,5,425
261261,1,1,1,111
261282,5,1,1,511
261324,4,4,5,445
261345,4,1,1,411
261366,3,1,4,314
261387,1,1,2,112
261408,3,1,2,312
261429,4,4,5,445
261450,2,2,1,221
261471,5,4,5,545
261492,4,2,2,422
261513,2,1,3,213
261534,3,1,5,315
261555,2,4,5,245
261576,3,3,5,335
261597,3,5,5,355
261618,3,2,4,324
261681,2,2,3,223
261702,4,2,4,424
261723,3,4,4,344
261744,5,5,4,554
261765,4,2,3,423
261828,1,2,3,123
261891,5,5,5,555
261912,4,5,5,455
261933,4,4,5,445
261954,4,5,5,455
261975,3,1,3,313
261996,4,5,5,455
262017,4,4,5,445
262038,5,1,3,513
262059,5,1,3,513
262080,4,4,5,445
262101,4,5,5,455
262143,4,5,5,455
262164,4,4,5,445
262248,5,3,4,534
262269,1,1,2,112
262290,5,5,5,555
262311,3,1,2,312
262332,3,2,2,322
262353,2,2,2,222
262374,4,5,4,454
262437,2,1,4,214
262458,4,3,2,432
262500,4,5,5,455
262521,1,1,5,115
262542,2,4,5,245
262584,4,2,3,423
262626,1,1,1,111
262647,2,3,4,234
262668,4,2,2,422
262689,1,1,1,111
262710,2,2,4,224
262752,3,2,1,321
262773,2,1,3,213
262794,1,1,4,114
262815,1,1,2,112
262836,2,2,4,224
262857,4,4,5,445
262878,5,4,5,545
262899,3,1,2,312
262920,2,4,5,245
262941,2,1,3,213
262962,3,2,1,321
262983,4,5,4,454
263004,5,5,5,555
263046,5,3,4,534
263067,2,3,2,232
263088,5,5,4,554
263130,3,4,4,344
263151,4,1,1,411
263172,4,1,2,412
263214,2,1,4,214
263235,2,2,3,223
263256,3,3,5,335
263298,4,1,2,412
263319,4,4,5,445
263340,4,5,5,455
263361,4,3,4,434
263424,3,1,2,312
263445,2,2,4,224
263466,3,2,4,324
263487,1,2,1,121
263508,2,1,1,211
263550,2,1,4,214
263571,1,1,1,111
263592,3,2,2,322
263613,5,5,5,555
263676,3,2,3,323
263697,4,4,5,445
263718,5,1,2,512
263739,1,2,3,123
263760,5,3,5,535
263781,1,1,1,111
263802,5,5,5,555
263844,1,1,2,112
263865,1,1,1,111
263886,2,1,2,212
263907,4,5,5,455
263949,5,5,5,555
263991,3,2,3,323
264012,5,2,4,524
264033,1,1,1,111
264054,1,1,1,111
264096,3,4,4,344
264117,3,3,3,333
264138,4,2,5,425
264159,2,1,2,212
264180,1,1,2,112
264201,3,1,1,311
264222,1,2,3,123
264243,5,5,5,555
264264,5,5,5,555
264285,1,2,5,125
264306,4,1,1,411
264327,5,1,1,511
264348,3,1,1,311
264369,4,2,3,423
264390,1,2,5,125
264411,1,1,2,112
264432,2,2,2,222
264453,2,3,2,232
264474,3,5,5,355
264516,3,2,3,323
264537,4,4,5,445
264558,5,5,5,555
264579,4,5,4,454
264600,4,5,5,455
264621,1,4,3,143
264642,3,1,1,311
264663,4,1,3,413
264684,2,2,2,222
264747,3,1,4,314
264789,2,3,4,234
264810,4,4,5,445
264831,3,1,4,314
264852,2,1,2,212
264873,3,4,5,345
264894,1,1,2,112
264915,5,4,5,545
264936,2,2,3,223
264957,4,1,2,412
264978,4,1,1,411
264999,4,5,5,455
265020,4,3,4,434
265041,5,5,5,555
265062,1,1,1,111
265083,1,1,2,112
265104,2,2,3,223
265125,1,2,5,125
265146,4,5,5,455
265167,5,5,5,555
265188,5,3,3,533
265230,5,2,4,524
265251,3,1,3,313
265293,3,4,5,345
265335,2,2,4,224
265377,3,5,5,355
265398,3,1,3,313
265419,1,1,3,113
265440,4,3,4,434
265461,2,1,1,211
265482,4,3,4,434
265503,2,5,5,255
265524,2,1,3,213
265545,3,4,4,344
265566,5,2,4,524
265587,4,5,5,455
265608,2,1,2,212
265629,2,3,3,233
265650,5,1,2,512
265671,1,1,1,111
265692,1,1,3,113
265713,2,2,5,225
265734,5,4,3,543
265776,4,4,5,445
265797,5,4,4,544
265818,4,1,3,413
265839,4,1,1,411
265860,5,1,2,512
265902,5,5,5,555
265944,5,5,5,555
265965,1,1,1,111
266007,3,1,3,313
266028,5,4,5,545
266049,2,3,5,235
266070,5,4,5,545
266112,1,1,1,111
266133,5,2,3,523
266154,3,4,4,344
266196,4,5,4,454
266238,3,5,5,355
266259,3,4,4,344
266280,5,4,3,543
266301,4,5,5,455
266322,5,5,5,555
266343,5,5,5,555
266364,5,5,5,555
266385,4,5,5,455
266406,1,1,1,111
266448,2,1,5,215
266469,4,2,4,424
266490,1,1,2,112
266511,4,5,4,454
266553,2,4,3,243
266574,3,2,3,323
266595,5,4,3,543
266637,4,3,4,434
266700,5,4,5,545
266721,2,2,3,223
266742,4,1,1,411
266763,3,1,2,312
266784,5,5,5,555
266805,4,5,5,455
266847,1,1,3,113
266868,4,5,5,455
266889,4,5,5,455
266910,2,3,4,234
266952,4,5,5,455
266973,5,1,3,513
266994,5,4,5,545
267015,2,1,2,212
267036,5,2,4,524
267057,2,2,4,224
267078,3,1,1,311
267099,5,2,3,523
267120,5,5,5,555
267141,4,5,5,455
267162,2,4,4,244
267183,5,4,3,543
267204,5,4,4,544
267225,1,1,2,112
267246,4,5,5,455
267267,5,5,5,555
267288,3,4,3,343
267309,2,1,2,212
267351,4,5,5,455
267372,2,1,1,211
267393,1,1,2,112
267414,1,1,1,111
267435,1,2,3,123
267456,1,1,1,111
267498,1,1,1,111
267519,2,2,4,224
267540,3,1,2,312
267603,2,2,3,223
267624,3,5,5,355
267687,5,5,5,555
267708,5,5,5,555
267729,5,4,5,545
267750,2,1,2,212
267792,2,1,5,215
267813,4,5,5,455
267834,1,3,5,135
267855,1,2,5,125
267876,2,1,1,211
267897,4,5,5,455
267918,2,2,5,225
267939,3,3,4,334
268002,5,2,4,524
268023,2,2,3,223
268044,1,1,4,114
268086,5,5,5,555
268149,1,1,4,114
268170,1,1,4,114
268212,3,1,3,313
268275,4,4,4,444
268338,4,5,3,453
268359,3,5,5,355
268401,3,2,3,323
268422,5,4,5,545
268443,5,5,5,555
268464,5,2,3,523
268485,1,1,2,112
268527,5,3,2,532
268569,3,1,1,311
268590,1,1,2,112
268611,1,1,1,111
268632,1,1,2,112
268653,1,2,3,123
268674,3,2,3,323
268695,4,1,2,412
268737,1,1,1,111
268758,5,3,5,535
268842,1,1,2,112
268968,3,3,3,333
268989,2,1,3,213
269031,1,3,3,133
269052,3,1,1,311
269094,2,1,1,211
269115,2,2,4,224
269136,2,2,3,223
269157,1,1,1,111
269178,1,1,4,114
269220,5,4,4,544
269241,1,1,1,111
269262,3,2,4,324
269283,2,4,4,244
269304,3,1,2,312
269346,5,5,4,554
269367,5,3,2,532
269388,5,5,4,554
269409,1,2,2,122
269430,3,5,5,355
269451,1,1,1,111
269472,4,2,2,422
269493,2,1,2,212
269514,1,1,2,112
269556,3,4,5,345
269577,2,1,1,211
269598,3,2,3,323
269619,5,5,5,555
269640,2,4,5,245
269661,5,5,5,555
269682,3,2,4,324
269703,3,5,4,354
269724,4,2,2,422
269745,1,4,2,142
269787,4,1,3,413
269829,4,2,4,424
269871,2,1,1,211
269892,1,1,2,112
269913,2,5,4,254
269934,2,3,4,234
269955,1,1,1,111
269976,5,5,5,555
269997,1,2,4,124
270123,3,1,3,313
270144,2,1,1,211
270165,4,2,4,424
270186,1,1,3,113
270207,4,5,5,455
270228,1,5,4,154
270291,2,2,2,222
270312,1,2,3,123
270333,1,1,2,112
270375,2,2,2,222
270396,3,2,5,325
270417,5,5,4,554
270438,1,2,3,123
270459,3,3,3,333
270501,1,1,2,112
270522,5,2,4,524
270543,4,4,3,443
270564,2,1,2,212
270585,3,3,4,334
270606,3,2,4,324
270648,1,2,2,122
270690,4,1,2,412
270711,1,3,2,132
270753,4,1,1,411
270795,3,2,2,322
270837,1,2,1,121
270921,5,5,5,555
270942,1,1,1,111
270984,4,2,3,423
271026,5,4,5,545
271068,2,2,3,223
271089,3,4,5,345
271110,4,5,5,455
271152,5,4,4,544
271173,5,4,5,545
271215,2,2,2,222
271236,2,4,5,245
271257,2,1,2,212
271299,5,5,4,554
271320,4,1,1,411
271341,5,5,5,555
271362,2,1,2,212
271383,3,1,1,311
271404,2,4,3,243
271425,5,2,3,523
271488,3,4,4,344
271509,1,1,1,111
271530,2,2,2,222
271551,4,5,5,455
271593,4,3,3,433
271635,5,5,5,555
271656,4,4,4,444
271677,4,4,4,444
271698,4,1,1,411
271719,3,5,5,355
271740,3,2,3,323
271782,2,3,3,233
271824,3,2,3,323
271845,1,1,2,112
271887,2,5,4,254
271908,4,5,5,455
271929,4,5,5,455
271950,5,3,4,534
271971,5,5,4,554
271992,5,4,4,544
272013,5,1,2,512
272055,5,5,5,555
272076,1,1,1,111
272097,5,5,5,555
272202,5,2,2,522
272223,5,5,4,554
272265,2,1,3,213
272286,5,1,1,511
272307,1,2,4,124
272328,2,1,1,211
272370,5,4,2,542
272391,5,5,5,555
272454,1,1,1,111
272496,1,1,3,113
272517,2,1,1,211
272580,2,5,5,255
272601,4,2,2,422
272622,1,1,2,112
272664,4,1,1,411
272685,5,2,4,524
272727,2,2,3,223
272748,1,1,2,112
272769,5,5,5,555
272790,4,3,1,431
272811,4,2,3,423
272853,4,4,2,442
272874,5,3,4,534
272895,2,1,1,211
272937,4,4,4,444
272979,1,3,2,132
273000,2,3,3,233
273021,5,5,5,555
273042,1,1,1,111
273063,2,3,1,231
273084,5,5,5,555
273105,2,2,3,223
273126,3,1,1,311
273168,1,1,1,111
273231,1,1,1,111
273252,5,5,4,554
273273,5,5,5,555
273294,5,5,5,555
273315,3,4,5,345
273336,2,3,3,233
273357,5,1,1,511
273378,4,5,5,455
273441,5,5,5,555
273483,3,2,3,323
273546,5,4,4,544
273567,2,5,5,255
273588,4,2,3,423
273609,4,3,4,434
273630,5,2,3,523
273672,3,2,4,324
273693,1,1,1,111
273714,3,2,3,323
273735,2,2,4,224
273777,2,3,3,233
273798,2,3,3,233
273840,5,2,3,523
273903,1,1,3,113
273924,1,1,3,113
273945,2,1,2,212
273966,4,2,3,423
273987,4,5,5,455
274008,4,4,4,444
274029,3,2,3,323
274050,4,5,5,455
274092,1,1,2,112
274155,2,3,4,234
274218,4,3,1,431
274239,1,1,1,111
274260,1,1,2,112
274281,2,1,2,212
274302,1,1,2,112
274344,5,4,4,544
274365,1,1,1,111
274386,4,2,2,422
274407,2,1,1,211
274428,5,2,2,522
274449,5,5,5,555
274470,1,1,1,111
274512,1,1,1,111
274575,2,1,4,214
274617,5,4,3,543
274638,5,5,5,555
274659,5,4,1,541
274680,2,1,1,211
274701,5,5,5,555
274722,2,5,5,255
274743,5,2,2,522
274785,2,2,2,222
274869,5,5,5,555
274890,5,5,5,555
274911,4,1,2,412
274932,3,4,3,343
274953,1,5,5,155
274974,4,5,4,454
274995,3,1,1,311
275037,4,5,5,455
275058,5,5,5,555
275079,2,1,1,211
275121,1,1,1,111
275142,5,5,5,555
275163,3,1,2,312
275184,5,5,4,554
275226,2,1,1,211
275247,3,4,4,344
275268,1,1,2,112
275289,3,2,3,323
275310,4,5,4,454
275373,5,5,5,555
275415,5,4,5,545
275436,2,1,3,213
275457,4,5,4,454
275478,4,4,4,444
275520,1,1,1,111
275541,1,1,2,112
275562,2,2,3,223
275604,2,3,5,235
275646,5,5,5,555
275667,2,1,2,212
275730,2,1,1,211
275751,4,3,4,434
275772,1,1,1,111
275793,1,2,1,121
275814,2,4,4,244
275835,1,1,5,115
275856,3,4,5,345
275877,5,5,5,555
275898,4,5,4,454
275919,4,5,5,455
275940,2,3,2,232
275961,2,4,5,245
275982,4,1,2,412
276024,1,1,1,111
276045,3,4,3,343
276066,4,1,1,411
276087,5,4,3,543
276108,4,5,5,455
276129,4,4,4,444
276171,1,1,4,114
276213,5,1,2,512
276255,3,4,4,344
276297,3,4,4,344
276318,2,4,4,244
276339,5,4,4,544
276360,4,1,1,411
276381,1,1,1,111
276402,2,4,4,244
276465,3,2,4,324
276486,1,1,2,112
276507,4,4,3,443
276528,3,4,4,344
276549,3,2,3,323
276570,4,1,1,411
276591,4,3,2,432
276633,5,2,2,522
276654,4,3,5,435
276696,3,1,2,312
276717,3,1,2,312
276738,4,5,5,455
276822,3,1,1,311
276843,5,5,5,555
276864,4,5,4,454
276885,1,1,1,111
276906,3,3,4,334
276927,1,1,1,111
276948,5,1,1,511
276969,4,2,2,422
277032,2,2,3,223
277053,3,1,1,311
277074,2,1,1,211
277116,5,4,4,544
277158,5,5,5,555
277179,5,5,5,555
277200,4,4,3,443
277263,5,4,3,543
277347,4,2,1,421
277368,3,5,4,354
277389,4,5,5,455
277410,2,1,2,212
277431,5,3,4,534
277452,4,3,3,433
277473,3,4,4,344
277536,1,1,2,112
277557,2,3,3,233
277578,2,1,1,211
277620,2,4,3,243
277641,1,2,3,123
277683,1,2,1,121
277704,3,2,5,325
277725,5,5,5,555
277746,1,1,1,111
277767,1,1,2,112
277788,2,1,1,211
277809,1,1,1,111
277830,5,5,5,555
277872,5,5,4,554
277893,2,2,3,223
277935,1,1,4,114
277956,4,2,3,423
277998,4,4,3,443
278019,1,1,2,112
278040,2,4,3,243
278082,2,3,2,232
278103,1,1,3,113
278124,2,1,1,211
278145,3,1,2,312
278166,4,5,4,454
278187,4,4,3,443
278208,2,2,2,222
278229,2,3,3,233
278313,2,2,4,224
278355,5,2,2,522
278376,4,1,1,411
278418,5,3,3,533
278439,3,1,2,312
278460,3,1,3,313
278481,1,2,4,124
278502,1,1,1,111
278523,5,5,5,555
278565,3,4,5,345
278586,5,5,5,555
278607,5,5,5,555
278628,4,5,5,455
278649,5,5,5,555
278670,1,1,3,113
278691,3,1,1,311
278712,4,2,2,422
278733,2,1,1,211
278796,3,2,3,323
278817,4,4,2,442
278838,3,1,3,313
278859,2,1,1,211
278880,2,3,3,233
278922,4,3,4,434
278943,3,2,1,321
278964,1,1,1,111
278985,4,4,5,445
279111,2,1,2,212
279132,3,2,3,323
279174,1,2,3,123
279195,1,1,1,111
279216,2,1,1,211
279237,5,4,5,545
279258,5,1,2,512
279279,1,1,1,111
279300,2,1,2,212
279321,2,4,3,243
279342,2,1,1,211
279384,1,1,2,112
279405,5,5,4,554
279447,2,1,1,211
279468,4,3,4,434
279489,5,4,4,544
279510,4,3,4,434
279531,5,2,3,523
279573,4,4,4,444
279594,5,3,3,533
279636,3,4,5,345
279657,3,5,5,355
279678,5,3,3,533
279699,5,5,5,555
279720,2,4,4,244
279741,2,2,3,223
279762,4,1,1,411
279783,5,4,3,543
279804,3,5,5,355
279825,2,1,3,213
279867,3,5,5,355
279888,1,1,4,114
279909,4,2,3,423
279930,2,3,4,234
279972,4,1,2,412
280014,2,3,5,235
280056,2,1,3,213
280098,2,1,3,213
280119,1,1,3,113
280140,3,5,5,355
280161,1,1,3,113
280203,2,1,2,212
280224,3,3,5,335
280245,1,1,2,112
280287,3,1,2,312
280308,3,1,1,311
280329,5,1,2,512
280350,4,2,4,424
280371,3,1,2,312
280392,3,1,2,312
280434,3,1,3,313
280455,2,1,3,213
280476,2,1,3,213
280497,1,1,3,113
280518,1,1,2,112
280539,3,1,2,312
280602,5,4,5,545
280623,4,2,4,424
280644,3,1,1,311
280665,3,2,5,325
280686,3,1,1,311
280728,1,2,3,123
280749,1,1,2,112
280770,1,1,3,113
280812,2,1,2,212
280833,3,3,5,335
280875,2,1,3,213
280896,2,3,4,234
280959,4,3,3,433
281001,4,5,5,455
281022,1,1,1,111
281064,4,5,5,455
281085,1,1,3,113
281148,2,2,3,223
281169,5,3,3,533
281190,2,1,3,213
281211,1,1,1,111
281274,5,5,5,555
281295,1,1,2,112
281316,4,2,4,424
281337,2,4,4,244
281358,1,1,2,112
281442,2,2,3,223
281463,4,1,1,411
281484,5,2,2,522
281505,2,3,3,233
281568,5,5,5,555
281610,4,4,4,444
281631,2,1,1,211
281694,2,3,4,234
281736,3,2,3,323
281757,5,2,3,523
281778,5,5,5,555
281799,3,1,1,311
281820,2,2,1,221
281841,3,2,4,324
281862,3,1,5,315
281925,2,3,4,234
281946,5,5,5,555
281967,4,3,3,433
281988,5,1,1,511
282009,5,4,4,544
282030,4,2,3,423
282051,3,2,4,324
282114,2,2,3,223
282135,5,5,5,555
282156,5,1,1,511
282177,4,5,5,455
282219,1,1,2,112
282261,2,1,2,212
282387,4,3,4,434
282408,4,5,5,455
282429,4,1,2,412
282450,4,5,5,455
282471,4,4,5,445
282492,1,2,3,123
282513,2,2,2,222
282555,4,2,4,424
282576,4,5,4,454
282618,5,5,5,555
282660,4,2,1,421
282681,3,3,4,334
282702,1,1,1,111
282744,3,1,3,313
282786,1,1,2,112
282807,5,2,4,524
282828,5,5,5,555
282870,2,2,1,221
282891,5,4,5,545
282933,3,2,2,322
282954,1,1,1,111
282975,1,4,4,144
282996,2,2,4,224
283017,3,5,4,354
283059,1,2,2,122
283101,3,4,4,344
283122,1,1,1,111
283143,3,1,1,311
283164,1,1,2,112
283185,1,1,2,112
283206,2,3,4,234
283227,3,3,3,333
283248,4,5,5,455
283269,2,4,2,242
283311,3,5,4,354
283332,2,3,4,234
283353,1,2,3,123
283374,1,1,1,111
283395,5,4,5,545
283416,5,2,3,523
283437,1,2,2,122
283479,4,4,4,444
283500,4,3,4,434
283521,1,1,4,114
283542,4,3,2,432
283563,3,1,1,311
283584,3,1,2,312
283605,2,4,5,245
283626,1,2,2,122
283647,5,4,5,545
283668,1,1,1,111
283689,5,5,4,554
283710,5,4,4,544
283752,1,1,1,111
283773,2,1,1,211
283794,2,1,1,211
283815,2,4,3,243
283836,4,3,4,434
283857,3,3,5,335
283878,2,1,3,213
283899,2,1,1,211
283920,3,5,5,355
283941,5,3,4,534
283962,4,1,1,411
283983,3,4,5,345
284004,3,4,3,343
284025,4,2,3,423
284067,3,5,5,355
284109,2,2,2,222
284151,1,2,2,122
284172,3,1,1,311
284193,1,3,2,132
284214,5,5,5,555
284256,5,5,5,555
284298,3,5,4,354
284319,2,3,3,233
284424,3,2,2,322
284466,5,3,3,533
284508,2,2,3,223
284529,4,5,3,453
284571,1,1,1,111
284592,3,5,5,355
284655,2,4,5,245
284697,4,2,3,423
284718,5,4,3,543
284760,5,1,1,511
284781,1,1,1,111
284802,2,3,4,234
284823,2,2,3,223
284844,2,3,4,234
284865,4,2,1,421
284886,3,2,3,323
284928,2,1,1,211
284949,4,2,2,422
284970,1,1,1,111
284991,5,5,4,554
285012,1,1,4,114
285033,3,2,2,322
285075,4,4,3,443
285096,5,5,5,555
285117,4,4,4,444
285159,4,2,2,422
285201,1,1,1,111
285243,2,1,3,213
285264,1,1,1,111
285327,3,1,3,313
285348,4,5,5,455
285369,4,2,2,422
285390,5,5,4,554
285411,3,3,4,334
285432,3,4,2,342
285453,2,4,4,244
285474,3,1,2,312
285516,5,2,3,523
285558,3,1,1,311
285579,5,5,5,555
285600,1,1,1,111
285621,3,2,3,323
285642,3,1,2,312
285663,4,1,1,411
285726,4,3,2,432
285747,3,1,3,313
285810,5,5,4,554
285831,2,3,4,234
285894,4,4,4,444
285915,1,1,2,112
285957,3,3,3,333
285978,2,1,1,211
286041,2,1,1,211
286083,4,4,3,443
286146,1,1,2,112
286167,3,4,4,344
286209,4,5,5,455
286230,5,5,4,554
286251,2,5,5,255
286272,4,4,5,445
286314,3,4,4,344
286335,3,1,4,314
286356,3,4,4,344
286377,3,3,3,333
286398,4,1,1,411
286419,2,1,4,214
286482,1,1,2,112
286503,4,3,3,433
286524,4,4,5,445
286545,2,1,2,212
286587,5,4,4,544
286629,1,2,2,122
286650,4,5,4,454
286671,3,2,1,321
286692,3,3,4,334
286734,3,5,5,355
286755,2,2,4,224
286776,2,2,2,222
286797,5,2,2,522
286818,5,4,5,545
286839,1,2,4,124
286902,2,3,3,233
286923,2,1,1,211
286986,3,3,1,331
287007,2,1,2,212
287028,5,5,5,555
287049,3,2,1,321
287070,2,1,2,212
287112,1,2,1,121
287133,4,2,2,422
287175,2,2,2,222
287238,2,1,1,211
287280,5,4,5,545
287301,4,4,3,443
287322,1,1,1,111
287364,1,1,1,111
287385,5,5,5,555
287406,1,1,1,111
287469,3,1,3,313
287490,3,1,1,311
287532,4,3,4,434
287574,5,5,5,555
287595,4,5,5,455
287637,3,1,1,311
287679,2,1,2,212
287700,4,5,5,455
287763,1,1,1,111
287784,5,5,5,555
287805,5,3,3,533
287826,1,1,2,112
287847,1,2,3,123
287868,1,1,2,112
287889,5,5,5,555
287910,4,1,1,411
287931,1,2,2,122
287952,1,1,1,111
288015,1,4,4,144
288036,1,1,1,111
288057,4,5,4,454
288078,1,2,1,121
288099,4,4,4,444
288120,2,4,3,243
288141,3,1,3,313
288162,2,3,5,235
288183,1,1,1,111
288225,3,5,4,354
288246,3,2,4,324
288267,4,2,2,422
288288,3,5,4,354
288330,2,2,3,223
288351,1,2,3,123
288372,4,1,2,412
288435,4,4,5,445
288456,5,2,3,523
288477,1,1,2,112
288519,4,1,1,411
288540,1,1,2,112
288561,3,3,3,333
288582,4,5,5,455
288603,5,5,4,554
288624,2,2,4,224
288645,2,1,2,212
288687,1,1,5,115
288708,2,4,4,244
288750,3,4,4,344
288771,1,1,2,112
288792,2,5,4,254
288813,1,1,3,113
288834,2,2,2,222
288855,5,5,4,554
288876,5,5,5,555
288918,5,5,5,555
288939,3,2,3,323
288960,3,2,2,322
288981,3,2,4,324
289002,1,1,2,112
289023,3,1,4,314
289044,3,3,4,334
289107,5,5,5,555
289149,5,5,5,555
289191,3,4,5,345
289212,3,3,4,334
289254,2,1,2,212
289317,5,5,5,555
289338,2,1,1,211
289380,5,2,2,522
289401,1,1,1,111
289422,5,5,3,553
289464,5,5,5,555
289506,1,1,1,111
289527,2,2,2,222
289590,5,1,2,512
289611,2,2,4,224
289632,3,2,1,321
289758,5,5,5,555
289779,2,2,3,223
289800,1,1,3,113
289821,3,1,2,312
289842,2,3,5,235
289863,1,1,2,112
289884,4,5,5,455
289905,3,2,3,323
289926,3,1,2,312
289947,1,1,1,111
289968,5,4,4,544
289989,1,1,1,111
290010,4,3,4,434
290031,1,3,3,133
290052,3,3,3,333
290073,3,4,4,344
290094,2,2,4,224
290115,4,4,5,445
290136,4,2,3,423
290157,4,2,2,422
290199,1,3,4,134
290241,2,2,2,222
290262,5,2,3,523
290283,4,2,4,424
290304,4,4,4,444
290346,2,1,1,211
290367,3,3,2,332
290388,4,1,1,411
290451,4,5,5,455
290472,4,1,1,411
290493,2,1,2,212
290535,4,4,3,443
290577,1,2,2,122
290598,5,4,3,543
290661,1,1,1,111
290682,3,5,5,355
290724,5,1,2,512
290745,3,1,2,312
290766,4,3,3,433
290808,2,3,4,234
290829,3,2,4,324
290850,2,1,4,214
290871,2,3,5,235
290913,3,1,4,314
290934,5,5,5,555
290976,2,3,2,232
291018,3,1,1,311
291039,1,1,1,111
291060,5,4,4,544
291102,4,5,5,455
291123,1,1,2,112
291165,3,4,3,343
291186,2,1,1,211
291207,4,3,4,434
291228,5,2,5,525
291249,2,4,5,245
291270,5,5,5,555
291291,4,5,5,455
291333,2,3,2,232
291354,1,1,3,113
291375,3,4,4,344
291396,3,1,1,311
291417,2,1,1,211
291438,3,1,4,314
291480,4,5,5,455
291501,5,5,5,555
291522,5,4,4,544
291543,5,4,5,545
291564,5,4,3,543
291585,1,2,3,123
291606,3,1,2,312
291627,1,1,2,112
291648,2,2,3,223
291669,2,1,2,212
291690,5,5,4,554
291732,4,4,3,443
291753,1,1,3,113
291774,4,3,3,433
291795,4,4,5,445
291837,3,1,2,312
291858,1,1,1,111
291879,4,2,2,422
291900,1,3,3,133
291921,2,4,5,245
291984,3,2,2,322
292068,2,4,5,245
292131,3,5,5,355
292194,5,2,3,523
292257,3,2,2,322
292278,3,2,4,324
292299,3,2,2,322
292362,1,1,1,111
292383,3,1,2,312
292404,5,5,4,554
292425,2,4,3,243
292446,4,1,1,411
292467,2,1,2,212
292488,5,4,2,542
292509,2,2,3,223
292530,3,2,2,322
292551,2,2,4,224
292572,1,1,2,112
292593,2,2,3,223
292614,1,1,4,114
292656,2,1,2,212
292677,2,1,1,211
292698,3,1,1,311
292719,4,3,3,433
292740,4,4,3,443
292761,4,4,5,445
292866,2,3,3,233
292887,3,1,1,311
292908,1,1,1,111
292929,5,5,5,555
292950,5,4,3,543
292971,2,3,3,233
292992,1,2,5,125
293013,5,5,5,555
293034,5,3,2,532
293055,2,3,2,232
293076,5,4,4,544
293139,2,3,3,233
293160,4,3,1,431
293202,4,3,1,431
293223,1,4,3,143
293307,2,1,1,211
293349,5,5,5,555
293391,4,5,5,455
293412,3,3,1,331
293433,1,1,2,112
293454,3,1,2,312
293475,4,5,5,455
293496,1,1,2,112
293538,4,3,1,431
293559,2,1,3,213
293580,3,1,1,311
293622,3,4,4,344
293643,4,5,5,455
293664,4,4,4,444
293685,5,5,5,555
293706,4,1,2,412
293748,4,5,5,455
293769,3,3,4,334
293790,1,1,2,112
293811,5,5,3,553
293832,4,1,1,411
293853,3,5,5,355
293874,5,5,5,555
293895,4,4,4,444
293979,5,5,5,555
294000,1,1,3,113
294021,3,3,5,335
294042,2,3,3,233
294084,3,5,5,355
294105,5,4,5,545
294126,2,3,4,234
294189,1,3,3,133
294252,1,1,2,112
294273,2,3,2,232
294294,2,1,3,213
294315,3,1,3,313
294336,2,4,5,245
294399,3,3,4,334
294420,4,3,3,433
294441,2,3,3,233
294462,1,1,2,112
294483,5,3,3,533
294504,2,3,2,232
294567,3,1,1,311
294609,3,3,2,332
294630,4,5,5,455
294651,5,5,5,555
294672,5,5,5,555
294714,4,3,3,433
294735,4,4,4,444
294756,1,1,3,113
294777,2,3,1,231
294798,2,3,4,234
294819,3,1,1,311
294840,3,5,5,355
294861,1,1,1,111
294924,4,4,3,443
294945,2,4,4,244
294966,1,1,1,111
294987,5,4,4,544
295008,1,1,2,112
295029,4,4,5,445
295050,4,3,3,433
295071,5,5,5,555
295092,4,1,1,411
295113,2,3,2,232
295134,3,1,1,311
295155,2,1,3,213
295176,5,5,5,555
295197,4,5,5,455
295239,1,1,1,111
295260,5,5,5,555
295302,5,5,5,555
295344,4,4,4,444
295386,1,1,1,111
295407,3,3,2,332
295428,1,1,2,112
295491,5,5,4,554
295533,4,1,1,411
295575,5,3,4,534
295596,2,1,1,211
295617,3,4,3,343
295638,2,5,4,254
295659,2,1,2,212
295680,4,1,1,411
295701,1,3,3,133
295722,1,1,1,111
295743,5,5,4,554
295785,5,5,5,555
295827,5,1,1,511
295848,5,5,5,555
295869,3,1,1,311
295890,1,1,1,111
295932,5,5,5,555
295953,5,1,2,512
296016,5,5,5,555
296058,3,1,1,311
296079,4,5,5,455
296100,2,1,1,211
296121,2,5,5,255
296142,5,4,4,544
296184,2,3,1,231
296205,1,1,4,114
296247,3,5,5,355
296268,4,3,3,433
296289,2,1,1,211
296310,5,5,5,555
296331,4,4,3,443
296352,4,5,5,455
296373,5,4,4,544
296394,1,3,2,132
296436,4,4,4,444
296457,2,1,1,211
296541,5,4,5,545
296604,2,1,2,212
296625,5,3,5,535
296646,5,3,3,533
296667,2,3,3,233
296688,3,3,3,333
296709,5,4,4,544
296730,1,1,3,113
296772,5,5,5,555
296793,2,3,3,233
296835,5,5,5,555
296898,5,3,4,534
296919,3,1,2,312
296940,5,3,4,534
296961,5,4,3,543
296982,1,1,2,112
297003,2,1,1,211
297045,3,4,5,345
297066,5,4,5,545
297087,2,3,3,233
297108,1,1,1,111
297129,1,1,2,112
297150,3,3,3,333
297192,2,3,3,233
297234,1,3,4,134
297255,1,1,1,111
297276,5,5,5,555
297297,4,3,2,432
297318,3,1,3,313
297339,4,5,5,455
297381,1,3,4,134
297402,2,3,2,232
297423,2,4,5,245
297444,3,3,4,334
297465,1,1,1,111
297507,3,4,2,342
297591,2,1,2,212
297633,5,4,2,542
297654,3,1,1,311
297675,3,3,5,335
297696,1,4,3,143
297717,2,4,3,243
297738,5,5,4,554
297759,3,3,3,333
297780,5,5,5,555
297864,3,1,2,312
297885,1,1,1,111
297948,4,5,5,455
297969,5,5,5,555
298011,5,5,5,555
298053,3,3,3,333
298074,5,5,5,555
298095,1,3,4,134
298116,2,1,2,212
298158,4,4,3,443
298179,1,1,1,111
298221,3,5,3,353
298284,5,1,1,511
298305,4,3,2,432
298326,1,1,2,112
298368,2,1,1,211
298389,5,5,5,555
298410,2,5,4,254
298431,3,5,5,355
298452,2,1,4,214
298494,4,4,4,444
298515,5,5,4,554
298536,5,4,4,544
298557,5,5,4,554
298578,3,1,1,311
298599,5,1,1,511
298620,1,3,3,133
298641,3,5,5,355
298662,2,1,3,213
298683,2,3,4,234
298704,2,4,4,244
298746,4,4,5,445
298767,4,5,5,455
298809,3,3,4,334
298851,1,3,4,134
298872,3,4,5,345
298893,3,4,4,344
298914,4,4,3,443
298935,2,4,5,245
298956,2,3,3,233
298977,1,1,1,111
298998,1,1,1,111
299019,3,5,5,355
299040,4,3,3,433
299061,1,1,1,111
299082,1,3,2,132
299103,5,5,5,555
299145,1,3,4,134
299166,2,3,4,234
299187,1,1,1,111
299208,1,1,2,112
299250,5,3,4,534
299271,5,4,5,545
299376,1,3,4,134
299397,3,4,5,345
299418,5,5,5,555
299439,2,1,1,211
299481,3,3,4,334
299502,5,5,5,555
299544,2,3,2,232
299565,2,3,3,233
299607,2,3,4,234
299670,1,1,3,113
299691,1,1,1,111
299712,2,3,2,232
299733,3,4,3,343
299796,2,3,4,234
299817,4,3,5,435
299880,1,1,1,111
299922,5,5,5,555
299964,4,3,3,433
299985,4,4,4,444
300006,4,3,5,435
300027,5,3,1,531
300048,1,1,2,112
300069,5,5,3,553
300090,5,4,5,545
300111,5,5,5,555
300132,5,5,5,555
300153,5,4,4,544
300195,3,1,1,311
300237,4,4,4,444
300258,5,5,5,555
300279,5,5,5,555
300300,4,1,1,411
300321,2,1,3,213
300384,1,1,2,112
300405,3,3,4,334
300426,3,3,5,335
300447,2,5,5,255
300489,5,5,5,555
300531,1,1,2,112
300552,3,5,4,354
300594,2,1,1,211
300615,3,5,5,355
300657,3,1,3,313
300720,1,3,3,133
300741,5,4,4,544
300783,2,3,3,233
300846,1,1,1,111
300867,2,1,2,212
300909,4,5,5,455
300951,2,3,2,232
300972,4,3,3,433
300993,3,1,2,312
301014,4,5,5,455
301035,4,3,2,432
301056,4,4,4,444
301098,2,3,3,233
301119,1,1,2,112
301140,1,1,1,111
301161,3,5,5,355
301182,4,4,3,443
301224,2,5,3,253
301245,3,1,1,311
301266,2,3,4,234
301308,1,1,2,112
301329,5,1,1,511
301350,1,1,2,112
301371,2,1,1,211
301392,2,4,4,244
301413,1,1,1,111
301434,5,3,1,531
301455,1,1,1,111
301476,2,3,3,233
301497,3,1,1,311
301539,4,3,3,433
301560,4,4,5,445
301602,4,1,1,411
301644,2,5,5,255
301707,5,5,5,555
301728,1,1,1,111
301791,1,1,1,111
301833,1,1,1,111
301875,1,1,1,111
301917,1,3,3,133
301959,3,3,2,332
302001,3,1,1,311
302022,4,1,3,413
302043,3,3,4,334
302085,5,3,1,531
302106,1,1,1,111
302127,4,3,4,434
302148,5,5,5,555
302169,3,3,4,334
302190,5,5,5,555
302253,1,1,1,111
302295,5,5,5,555
302316,3,3,3,333
302337,5,5,5,555
302400,2,1,3,213
302421,5,5,5,555
302463,2,4,4,244
302484,3,5,4,354
302526,2,1,1,211
302547,2,5,5,255
302568,5,5,5,555
302589,3,5,4,354
302610,2,5,4,254
302631,1,1,4,114
302652,3,3,3,333
302673,1,1,1,111
302694,2,5,4,254
302715,5,5,5,555
302736,4,3,3,433
302778,5,3,4,534
302799,5,5,4,554
302820,2,1,2,212
302841,3,3,3,333
302862,5,5,5,555
302883,1,1,2,112
302904,4,1,2,412
302946,4,5,5,455
302967,3,3,2,332
302988,5,4,4,544
303051,1,1,2,112
303072,5,5,5,555
303114,4,5,4,454
303156,2,1,1,211
303177,1,1,1,111
303198,1,1,1,111
303219,1,1,5,115
303240,5,4,5,545
303261,5,4,4,544
303282,1,3,4,134
303303,3,4,4,344
303366,5,4,4,544
303387,4,4,4,444
303408,5,3,2,532
303429,4,4,3,443
303450,1,3,3,133
303471,3,3,3,333
303492,5,3,1,531
303513,1,1,1,111
303576,5,5,5,555
303597,1,1,1,111
303639,2,1,4,214
303660,2,3,2,232
303681,2,3,4,234
303702,3,5,4,354
303723,2,3,3,233
303765,1,3,3,133
303786,4,5,5,455
303807,4,4,3,443
303870,5,3,2,532
303912,2,5,4,254
303933,2,3,1,231
303954,3,1,3,313
303975,3,3,3,333
303996,1,1,1,111
304017,4,4,4,444
304059,1,3,2,132
304080,5,1,2,512
304101,2,3,3,233
304122,4,5,4,454
304143,1,1,1,111
304164,3,1,2,312
304185,3,1,1,311
304227,4,5,4,454
304248,3,1,4,314
304269,1,1,2,112
304311,2,3,2,232
304353,5,4,5,545
304374,4,1,1,411
304395,3,3,1,331
304416,1,3,3,133
304437,1,1,2,112
304458,3,4,4,344
304479,4,3,3,433
304500,2,3,2,232
304521,1,3,2,132
304542,4,5,5,455
304563,5,5,5,555
304584,3,4,3,343
304605,4,5,5,455
304626,4,4,4,444
304647,4,5,4,454
304668,4,3,2,432
304731,5,4,4,544
304752,1,3,2,132
304773,2,3,2,232
304794,3,3,3,333
304815,4,5,5,455
304857,3,3,2,332
304878,3,1,1,311
304920,5,3,2,532
304962,4,4,4,444
304983,2,1,1,211
305004,4,5,4,454
305025,4,5,5,455
305067,5,5,5,555
305088,3,1,2,312
305109,3,3,3,333
305130,4,5,5,455
305172,1,4,4,144
305193,4,5,4,454
305214,5,5,5,555
305235,3,3,5,335
305256,1,1,1,111
305277,3,1,2,312
305298,3,3,2,332
305319,4,3,3,433
305340,5,3,3,533
305361,3,5,4,354
305382,1,1,1,111
305403,4,5,5,455
305424,4,3,4,434
305466,5,4,5,545
305487,5,5,5,555
305508,2,3,3,233
305529,1,1,2,112
305550,5,3,3,533
305571,4,3,1,431
305592,2,1,1,211
305613,4,4,3,443
305634,5,4,5,545
305655,3,3,2,332
305697,2,1,3,213
305760,5,5,5,555
305781,2,3,4,234
305802,5,5,5,555
305865,2,4,5,245
305886,2,1,4,214
305907,3,3,4,334
305949,5,1,1,511
305970,1,3,1,131
306012,5,5,5,555
306033,2,5,4,254
306096,1,1,1,111
306117,5,4,3,543
306138,5,1,1,511
306201,4,1,1,411
306222,3,1,1,311
306243,5,4,3,543
306264,2,4,4,244
306285,3,1,1,311
306306,1,1,1,111
306327,4,5,4,454
306369,1,1,1,111
306411,4,4,4,444
306432,3,3,3,333
306453,4,3,3,433
306474,5,3,2,532
306495,4,5,4,454
306537,5,3,3,533
306558,3,1,1,311
306600,1,1,2,112
306621,5,1,1,511
306663,1,1,3,113
306726,5,5,5,555
306747,4,5,5,455
306768,5,4,4,544
306789,2,4,3,243
306936,1,3,2,132
306978,5,3,3,533
306999,1,1,2,112
307020,1,3,2,132
307041,5,4,4,544
307062,1,1,2,112
307083,4,4,3,443
307104,3,3,1,331
307125,1,3,3,133
307146,4,4,5,445
307188,2,3,3,233
307209,5,3,4,534
307251,3,3,4,334
307272,1,1,1,111
307293,1,1,2,112
307356,3,3,3,333
307398,3,1,2,312
307419,3,5,5,355
307440,4,5,5,455
307461,4,1,1,411
307482,3,1,1,311
307503,2,3,3,233
307524,3,3,3,333
307545,2,3,3,233
307566,5,5,5,555
307587,1,1,1,111
307629,5,4,4,544
307671,3,3,3,333
307692,2,1,1,211
307713,5,5,4,554
307755,5,4,4,544
307776,2,3,2,232
307797,4,4,3,443
307818,5,3,2,532
307839,5,5,5,555
307860,2,3,2,232
307881,4,1,1,411
307902,4,4,3,443
307944,4,3,3,433
307965,3,4,4,344
307986,4,1,1,411
308007,5,5,5,555
308049,1,3,4,134
308070,1,3,2,132
308112,1,3,3,133
308133,5,4,4,544
308175,4,1,3,413
308196,4,5,5,455
308280,4,5,5,455
308301,3,3,3,333
308322,1,3,1,131
308364,4,4,4,444
308427,2,1,3,213
308448,5,5,5,555
308469,1,1,1,111
308490,3,3,2,332
308511,4,4,5,445
308532,2,4,3,243
308553,1,1,1,111
308616,5,5,5,555
308637,1,3,1,131
308658,5,4,4,544
308679,1,1,1,111
308700,4,3,5,435
308721,5,5,5,555
308742,5,5,5,555
308763,4,1,2,412
308784,5,5,4,554
308805,1,1,1,111
308868,5,3,4,534
308889,4,5,5,455
308910,4,4,3,443
308931,5,5,5,555
308952,4,3,3,433
308973,5,5,5,555
308994,4,1,1,411
309015,4,4,3,443
309036,3,3,2,332
309099,5,4,4,544
309120,5,3,3,533
309162,2,1,1,211
309183,5,5,4,554
309225,4,1,3,413
309267,1,1,2,112
309309,1,1,2,112
309330,5,5,4,554
309351,3,3,2,332
309372,5,5,5,555
309393,4,5,5,455
309435,5,5,5,555
309477,5,3,4,534
309498,3,5,4,354
309519,5,5,5,555
309540,1,3,4,134
309561,5,5,4,554
309624,4,5,4,454
309645,2,4,4,244
309687,1,1,2,112
309708,4,4,4,444
309792,3,1,2,312
309813,2,1,3,213
309834,3,3,3,333
309855,5,5,5,555
309876,4,1,3,413
309897,2,1,2,212
309918,2,4,4,244
309939,5,3,4,534
309960,1,1,1,111
309981,3,3,2,332
310002,1,1,2,112
310044,3,1,2,312
310065,4,3,2,432
310086,5,5,5,555
310128,4,3,1,431
310149,5,5,5,555
310170,1,3,3,133
310212,2,1,1,211
310275,3,3,4,334
310296,3,5,5,355
310338,2,3,3,233
310359,1,3,2,132
310380,3,3,2,332
310422,1,1,1,111
310464,4,3,2,432
310485,5,3,1,531
310548,5,3,3,533
310569,4,1,1,411
310590,4,4,3,443
310632,3,1,1,311
310653,4,1,1,411
310674,5,5,4,554
310695,2,1,1,211
310716,5,5,5,555
310758,3,3,1,331
310779,3,1,1,311
310800,3,5,5,355
310821,3,1,1,311
310863,2,3,3,233
310884,5,1,2,512
310905,4,4,3,443
310926,2,1,1,211
310968,3,5,5,355
311010,3,5,5,355
311073,1,3,1,131
311115,3,3,3,333
311136,1,1,2,112
311157,1,3,4,134
311178,2,3,3,233
311199,3,3,2,332
311220,4,4,3,443
311241,1,1,1,111
311283,1,3,2,132
311304,5,4,4,544
311325,5,5,5,555
311388,1,3,5,135
311409,4,4,3,443
311430,3,1,1,311
311514,4,5,4,454
311556,5,3,1,531
311577,2,4,4,244
311640,1,1,1,111
311661,3,5,5,355
311682,3,4,5,345
311724,3,4,5,345
311787,2,1,2,212
311829,4,5,5,455
311850,1,1,2,112
311871,4,3,3,433
311892,3,5,5,355
311913,4,3,2,432
311934,2,5,5,255
311955,2,3,3,233
311976,3,3,4,334
311997,3,3,4,334
312039,5,4,4,544
312060,4,1,1,411
312081,3,1,1,311
312102,4,3,3,433
312123,4,1,2,412
312165,5,3,1,531
312186,5,5,5,555
312207,1,3,3,133
312228,5,5,5,555
312249,5,3,3,533
312270,1,1,2,112
312291,5,4,3,543
312333,1,1,3,113
312375,2,3,4,234
312438,5,5,4,554
312480,2,3,3,233
312501,4,1,2,412
312522,4,3,3,433
312543,4,5,3,453
312585,2,1,3,213
312606,1,1,2,112
312627,2,1,4,214
312648,1,1,2,112
312669,1,1,1,111
312690,1,1,1,111
312711,2,3,3,233
312753,5,3,4,534
312774,2,1,3,213
312795,5,5,5,555
312816,1,3,2,132
312837,5,4,4,544
312858,4,5,4,454
312921,5,5,4,554
312942,4,1,2,412
312963,4,4,5,445
312984,5,3,4,534
313005,2,3,3,233
313047,5,5,5,555
313068,2,1,2,212
313110,5,4,2,542
313131,5,5,5,555
313152,4,3,3,433
313173,3,4,4,344
313215,2,3,2,232
313236,3,4,4,344
313278,2,3,4,234
313320,1,3,4,134
313341,4,3,4,434
313383,3,1,3,313
313404,1,1,2,112
313509,4,1,1,411
313530,2,3,5,235
313551,5,4,4,544
313572,1,1,2,112
313614,2,3,4,234
313635,1,1,4,114
313656,3,5,5,355
313677,3,3,4,334
313824,4,5,5,455
313866,4,1,1,411
313887,2,3,2,232
313908,4,5,4,454
313950,4,1,2,412
313971,2,1,2,212
313992,3,5,5,355
314013,4,1,2,412
314034,5,1,2,512
314097,1,1,1,111
314118,2,3,3,233
314139,3,4,3,343
314160,5,3,1,531
314181,5,5,5,555
314202,1,1,1,111
314223,5,4,4,544
314244,1,1,1,111
314265,2,3,3,233
314286,4,1,1,411
314307,3,1,2,312
314328,4,1,1,411
314370,3,4,4,344
314391,3,3,4,334
314412,2,1,1,211
314433,2,3,4,234
314454,3,1,1,311
314475,3,1,2,312
314496,3,5,3,353
314538,2,4,4,244
314601,1,1,1,111
314664,4,3,1,431
314685,1,3,2,132
314727,4,3,2,432
314748,1,1,2,112
314895,3,3,1,331
314937,3,3,3,333
314958,2,3,2,232
315000,3,1,2,312
315042,2,4,4,244
315084,2,1,4,214
315105,4,5,5,455
315126,3,1,2,312
315147,2,1,1,211
315189,5,3,4,534
315210,3,1,2,312
315252,3,3,2,332
315294,3,3,1,331
315336,2,1,1,211
315357,3,1,1,311
315378,3,3,3,333
315399,1,1,1,111
315441,5,5,4,554
315462,5,4,3,543
315483,5,5,5,555
315504,5,5,4,554
315525,3,1,2,312
315546,2,3,2,232
315567,4,4,4,444
315588,5,4,3,543
315630,3,3,3,333
315651,5,4,3,543
315672,1,3,5,135
315693,5,5,5,555
315714,4,5,5,455
315735,2,1,2,212
315756,2,3,2,232
315798,3,5,3,353
315819,5,5,5,555
315861,2,1,1,211
315882,1,1,1,111
315903,4,1,3,413
315924,4,5,5,455
315945,2,3,3,233
315966,5,5,5,555
315987,1,1,2,112
316008,3,4,2,342
316029,1,1,1,111
316050,4,3,4,434
316071,4,3,4,434
316092,1,1,1,111
316113,5,3,3,533
316134,5,3,2,532
316197,1,3,4,134
316218,4,5,5,455
316239,3,5,4,354
316260,5,4,2,542
316281,5,5,5,555
316302,3,4,3,343
316323,1,1,2,112
316365,3,4,5,345
316386,3,1,3,313
316407,2,3,4,234
316428,3,3,3,333
316449,2,1,4,214
316470,1,1,1,111
316491,2,3,4,234
316533,5,3,4,534
316554,2,1,3,213
316575,2,1,3,213
316596,2,1,3,213
316638,5,5,5,555
316659,1,4,3,143
316701,4,4,3,443
316743,1,1,1,111
316827,1,1,2,112
316848,4,3,4,434
316869,5,5,5,555
316890,1,1,2,112
316911,3,1,3,313
316932,1,3,2,132
316953,4,5,5,455
316995,2,4,4,244
317016,3,1,1,311
317037,5,1,2,512
317058,1,3,5,135
317079,2,1,2,212
317100,1,3,3,133
317121,5,3,2,532
317163,4,3,3,433
317184,1,3,4,134
317205,4,5,5,455
317226,4,4,4,444
317247,1,5,2,152
317268,2,4,4,244
317289,1,1,2,112
317310,4,4,4,444
317331,4,3,4,434
317373,5,3,5,535
317394,4,5,5,455
317415,4,1,2,412
317436,4,4,4,444
317457,4,4,4,444
317478,2,1,2,212
317499,1,1,2,112
317520,2,1,2,212
317541,3,3,2,332
317562,2,3,4,234
317583,5,3,5,535
317604,4,3,1,431
317625,4,5,5,455
317667,3,1,2,312
317688,3,4,4,344
317709,3,5,5,355
317730,2,1,2,212
317772,4,4,4,444
317793,2,3,4,234
317814,4,5,4,454
317835,1,1,1,111
317856,5,4,4,544
317919,1,3,1,131
317940,3,5,5,355
317982,3,1,3,313
318003,1,1,2,112
318024,5,5,5,555
318045,5,4,4,544
318066,2,3,4,234
318087,1,1,3,113
318108,5,1,2,512
318129,2,1,3,213
318150,4,5,5,455
318192,5,5,5,555
318213,4,1,2,412
318234,2,1,2,212
318276,5,3,4,534
318297,5,3,4,534
318318,3,1,2,312
318339,5,5,5,555
318360,1,1,1,111
318423,4,3,2,432
318444,3,3,3,333
318465,1,1,2,112
318507,1,1,1,111
318528,4,1,1,411
318591,1,1,4,114
318612,5,4,4,544
318654,1,1,1,111
318675,3,1,1,311
318738,1,1,1,111
318759,4,4,5,445
318780,1,1,1,111
318801,3,3,3,333
318822,2,3,3,233
318864,4,3,2,432
318885,3,1,2,312
318906,4,3,2,432
318927,5,5,5,555
318969,5,5,5,555
319032,2,3,4,234
319053,3,1,3,313
319074,5,5,5,555
319095,5,1,5,515
319137,5,3,4,534
319158,2,3,1,231
319179,3,4,4,344
319221,2,4,4,244
319263,4,5,4,454
319284,1,1,2,112
319305,2,3,3,233
319326,5,4,2,542
319368,5,4,3,543
319410,1,1,2,112
319431,3,3,3,333
319452,1,1,1,111
319473,1,3,2,132
319494,5,5,4,554
319515,3,3,3,333
319536,2,1,1,211
319578,5,5,5,555
319599,2,1,2,212
319620,3,5,4,354
319641,1,1,2,112
319662,1,1,3,113
319683,1,3,3,133
319704,1,3,2,132
319725,1,1,2,112
319746,1,1,1,111
319767,3,4,4,344
319788,3,4,5,345
319830,1,3,2,132
319872,2,3,3,233
319914,1,1,1,111
319935,1,5,5,155
319956,1,1,2,112
319977,5,4,4,544
319998,4,3,4,434
320019,5,3,3,533
320040,3,4,4,344
320061,3,5,4,354
320103,2,1,2,212
320124,3,3,3,333
320145,2,3,5,235
320166,1,3,3,133
320187,2,1,2,212
320229,4,5,5,455
320271,5,5,5,555
320292,3,3,3,333
320313,4,4,3,443
320334,2,1,2,212
320355,3,1,3,313
320376,2,1,1,211
320397,1,1,2,112
320418,2,3,3,233
320460,2,5,4,254
320481,2,1,2,212
320502,1,1,1,111
320523,2,1,1,211
320544,3,1,2,312
320565,2,3,4,234
320586,1,1,1,111
320607,4,4,4,444
320649,4,1,2,412
320670,4,5,5,455
320691,5,5,5,555
320712,3,3,3,333
320754,5,3,3,533
320775,3,1,3,313
320796,3,1,1,311
320817,3,1,2,312
320859,1,1,2,112
320880,2,1,1,211
320901,3,5,5,355
321006,3,1,1,311
321027,4,3,2,432
321048,3,4,5,345
321069,4,3,3,433
321090,5,5,5,555
321111,4,5,5,455
321132,1,1,1,111
321216,3,5,5,355
321237,5,3,3,533
321258,5,5,5,555
321279,3,5,5,355
321300,3,1,3,313
321321,3,5,5,355
321363,1,1,3,113
321384,3,5,3,353
321426,3,3,4,334
321447,2,1,1,211
321468,1,1,2,112
321531,5,5,5,555
321552,2,4,3,243
321573,2,1,1,211
321594,1,1,2,112
321615,3,3,3,333
321636,1,1,1,111
321678,5,1,2,512
321699,1,1,1,111
321720,3,1,2,312
321741,3,3,5,335
321762,2,1,3,213
321825,2,1,1,211
321846,1,1,2,112
321867,3,1,1,311
321909,3,3,4,334
321930,4,3,3,433
321972,1,4,4,144
321993,1,1,4,114
322014,2,3,2,232
322035,3,1,1,311
322119,3,3,3,333
322161,2,1,5,215
322182,2,1,2,212
322203,2,1,2,212
322224,5,3,3,533
322245,3,1,2,312
322266,1,1,2,112
322287,1,1,1,111
322308,2,1,1,211
322329,2,3,2,232
322350,1,1,1,111
322371,5,5,4,554
322413,1,3,3,133
322455,4,3,1,431
322476,4,5,5,455
322518,5,5,5,555
322560,3,1,2,312
322581,1,1,2,112
322623,1,1,2,112
322644,2,3,3,233
322665,4,5,5,455
322686,2,3,3,233
322707,3,4,4,344
322728,4,1,2,412
322770,3,5,5,355
322812,2,1,4,214
322833,5,5,5,555
322854,2,1,1,211
322896,3,3,4,334
322959,2,5,5,255
322980,5,4,4,544
323001,1,3,3,133
323022,4,5,5,455
323064,2,3,3,233
323085,3,1,2,312
323106,1,1,2,112
323148,1,1,1,111
323169,2,1,3,213
323232,5,4,4,544
323253,4,3,1,431
323274,5,4,4,544
323295,1,1,1,111
323316,2,1,2,212
323337,1,1,1,111
323358,4,3,4,434
323379,5,3,3,533
323400,2,4,3,243
323442,2,3,3,233
323505,1,1,2,112
323526,4,3,3,433
323547,3,4,4,344
323568,1,1,2,112
323610,2,5,5,255
323631,4,4,4,444
323652,2,1,1,211
323694,5,3,3,533
323715,1,1,3,113
323736,3,4,5,345
323757,2,1,2,212
323799,4,1,1,411
323841,3,4,3,343
323862,1,3,1,131
323883,3,1,1,311
323904,1,3,2,132
323946,4,4,4,444
323967,3,3,4,334
323988,4,1,1,411
324009,4,3,2,432
324072,4,1,1,411
324093,1,3,3,133
324114,5,4,4,544
324135,4,1,1,411
324156,5,3,4,534
324177,1,1,1,111
324198,2,1,1,211
324240,3,3,2,332
324282,1,1,2,112
324303,5,5,5,555
324324,5,3,4,534
324345,1,1,1,111
324387,1,1,1,111
324408,1,1,3,113
324429,4,3,4,434
324450,4,1,2,412
324492,4,3,3,433
324513,5,5,4,554
324534,1,1,1,111
324576,1,3,2,132
324597,1,1,1,111
324618,4,1,1,411
324660,1,1,1,111
324702,2,3,1,231
324723,4,1,1,411
324744,1,1,4,114
324765,4,5,5,455
324786,2,1,2,212
324807,5,3,3,533
324828,3,3,2,332
324849,3,3,3,333
324891,5,1,2,512
324912,2,1,2,212
324933,4,5,4,454
324975,2,1,2,212
325038,3,3,4,334
325080,2,1,3,213
325122,4,5,5,455
325143,2,4,1,241
325164,5,4,5,545
325185,4,3,5,435
325248,2,1,1,211
325269,4,3,4,434
325311,2,5,5,255
325332,4,3,3,433
325353,4,4,4,444
325374,4,3,4,434
325437,4,3,4,434
325458,5,5,5,555
325500,5,4,4,544
325542,4,5,5,455
325563,1,1,1,111
325584,2,1,1,211
325605,3,4,5,345
325626,4,3,4,434
325647,2,1,2,212
325668,1,5,4,154
325710,1,1,2,112
325731,5,4,3,543
325752,2,3,1,231
325773,3,5,5,355
325794,5,5,5,555
325836,3,3,1,331
325857,1,1,2,112
325878,3,5,4,354
325920,5,1,2,512
325941,3,5,5,355
325962,4,3,2,432
325983,2,1,2,212
326004,4,1,2,412
326025,5,3,3,533
326046,3,3,1,331
326067,4,5,5,455
326088,1,1,1,111
326109,4,5,5,455
326130,4,4,4,444
326151,5,3,4,534
326172,4,4,4,444
326193,4,3,3,433
326235,2,4,2,242
326277,2,1,1,211
326319,5,1,3,513
326340,5,1,1,511
326361,2,1,1,211
326403,1,1,1,111
326424,5,5,5,555
326445,3,3,2,332
326487,5,5,5,555
326529,2,3,4,234
326550,5,4,3,543
326571,3,1,2,312
326592,1,1,1,111
326613,3,1,2,312
326634,1,1,1,111
326655,5,5,5,555
326676,4,1,2,412
326697,4,1,2,412
326781,5,4,3,543
326802,1,1,1,111
326823,4,4,4,444
326865,3,3,1,331
326907,4,1,1,411
326928,5,3,3,533
326949,2,4,4,244
326970,5,5,5,555
326991,5,4,3,543
327012,5,5,5,555
327033,4,3,3,433
327054,2,4,3,243
327096,3,1,3,313
327117,2,3,2,232
327138,2,1,1,211
327159,3,3,2,332
327201,2,5,5,255
327222,4,3,3,433
327264,4,4,3,443
327285,2,1,2,212
327327,3,4,3,343
327369,1,3,3,133
327432,3,1,2,312
327453,3,1,1,311
327474,4,4,4,444
327516,2,4,4,244
327537,3,1,2,312
327558,3,1,1,311
327579,4,3,3,433
327621,5,5,5,555
327642,5,5,4,554
327663,2,1,1,211
327684,3,1,1,311
327705,3,4,4,344
327726,3,5,5,355
327747,1,1,1,111
327768,4,4,4,444
327789,1,1,2,112
327810,3,1,1,311
327831,5,5,4,554
327852,3,3,1,331
327915,5,5,5,555
327978,4,4,3,443
327999,5,1,2,512
328020,3,3,4,334
328041,5,4,4,544
328062,3,5,5,355
328083,2,1,2,212
328104,2,4,3,243
328125,2,4,4,244
328146,2,3,3,233
328188,5,5,5,555
328230,3,3,4,334
328272,4,5,5,455
328314,4,1,2,412
328356,2,3,3,233
328377,3,1,1,311
328419,2,1,2,212
328440,5,5,5,555
328461,2,4,4,244
328503,1,3,3,133
328524,2,4,3,243
328545,4,1,3,413
328566,2,3,2,232
328608,1,3,3,133
328629,1,3,3,133
328671,3,3,3,333
328692,2,1,2,212
328713,2,3,3,233
328734,5,3,4,534
328755,1,1,3,113
328776,3,4,3,343
328797,4,1,1,411
328818,1,4,4,144
328839,3,1,2,312
328860,4,5,4,454
328881,1,3,2,132
328923,2,1,1,211
328944,3,1,2,312
328965,2,3,5,235
329007,3,1,2,312
329028,1,1,1,111
329049,3,4,3,343
329070,1,1,1,111
329091,4,5,5,455
329133,2,4,5,245
329154,2,4,5,245
329175,2,3,2,232
329196,4,3,5,435
329217,3,1,3,313
329238,3,1,2,312
329259,4,4,3,443
329280,5,3,4,534
329301,4,4,4,444
329343,2,1,1,211
329427,5,5,5,555
329469,2,3,2,232
329490,5,3,1,531
329511,1,1,1,111
329532,4,1,1,411
329574,5,5,5,555
329595,1,3,2,132
329616,3,5,5,355
329679,4,1,2,412
329700,2,3,3,233
329721,5,4,4,544
329763,1,1,1,111
329784,2,4,5,245
329805,1,1,1,111
329826,3,4,4,344
329847,3,4,3,343
329868,3,5,5,355
329889,1,1,1,111
329952,5,4,4,544
329973,2,3,2,232
329994,5,3,2,532
330036,2,4,4,244
330057,1,1,1,111
330099,4,5,5,455
330120,4,1,3,413
330141,5,1,2,512
330162,3,4,4,344
330183,1,1,1,111
330204,1,3,1,131
330225,4,1,2,412
330267,4,5,5,455
330309,1,1,1,111
330330,3,3,4,334
330372,1,3,2,132
330393,1,1,1,111
330414,2,3,4,234
330477,4,5,4,454
330498,4,5,5,455
330519,3,1,2,312
330540,3,1,1,311
330603,4,4,3,443
330624,2,1,1,211
330645,4,4,4,444
330666,2,1,1,211
330687,5,3,3,533
330708,3,1,1,311
330729,1,3,5,135
330750,5,5,5,555
330792,3,5,5,355
330813,1,2,1,121
330834,3,3,2,332
330855,5,5,5,555
330876,3,4,3,343
330897,3,3,3,333
330918,4,2,1,421
330939,1,4,2,142
331002,3,3,3,333
331023,4,3,4,434
331044,2,5,5,255
331086,3,2,2,322
331128,2,4,3,243
331149,5,5,5,555
331233,5,2,3,523
331254,3,2,2,322
331275,1,2,1,121
331296,2,2,2,222
331317,1,4,4,144
331380,1,4,2,142
331401,4,4,2,442
331422,5,4,5,545
331443,5,2,2,522
331485,4,4,5,445
331506,3,4,5,345
331527,4,4,3,443
331569,1,2,2,122
331590,5,2,1,521
331611,3,3,4,334
331653,4,4,4,444
331695,2,2,3,223
331716,5,5,5,555
331737,2,4,5,245
331779,2,4,3,243
331800,2,3,3,233
331821,3,4,4,344
331842,2,2,2,222
331863,3,2,2,322
331884,5,5,5,555
331905,4,5,5,455
331926,3,4,3,343
331947,3,4,3,343
331968,1,4,5,145
331989,3,4,3,343
332010,2,4,4,244
332031,4,5,5,455
332052,2,4,4,244
332073,1,3,4,134
332094,4,4,4,444
332115,3,4,5,345
332199,3,4,4,344
332220,1,2,1,121
332241,3,3,3,333
332262,5,3,3,533
332283,1,2,1,121
332325,2,2,3,223
332346,3,4,4,344
332367,2,5,4,254
332409,2,3,3,233
332430,3,2,3,323
332451,3,4,3,343
332472,1,2,3,123
332514,3,4,5,345
332535,3,4,4,344
332556,3,2,1,321
332577,3,2,2,322
332598,5,5,5,555
332619,3,4,4,344
332640,3,3,2,332
332661,2,4,4,244
332703,1,2,1,121
332724,3,2,1,321
332745,4,5,5,455
332787,3,3,2,332
332850,4,3,1,431
332892,1,3,1,131
332913,3,2,1,321
332934,5,5,4,554
332955,2,4,3,243
332976,5,5,5,555
332997,4,2,2,422
333018,4,4,4,444
333060,3,5,4,354
333081,5,5,5,555
333102,5,4,3,543
333123,4,3,1,431
333144,4,5,4,454
333165,3,4,3,343
333186,2,2,1,221
333207,5,5,5,555
333249,1,3,1,131
333270,4,2,2,422
333312,4,3,2,432
333354,3,5,5,355
333417,5,3,2,532
333480,1,2,2,122
333501,1,4,3,143
333522,1,4,3,143
333543,5,3,2,532
333585,2,4,2,242
333606,3,2,1,321
333648,2,2,1,221
333669,2,3,2,232
333711,1,2,2,122
333774,1,3,1,131
333795,2,2,1,221
333837,1,3,1,131
333858,5,4,4,544
333879,1,2,1,121
333900,4,2,2,422
333921,4,4,2,442
333963,5,5,5,555
333984,5,2,1,521
334026,4,5,4,454
334047,5,4,3,543
334089,2,2,1,221
334110,5,5,4,554
334152,2,3,2,232
334236,4,5,4,454
334257,1,2,1,121
334278,1,3,2,132
334299,4,3,3,433
334320,2,4,1,241
334341,2,2,2,222
334362,1,2,2,122
334383,1,2,1,121
334425,1,2,1,121
334530,3,2,2,322
334572,5,5,5,555
334593,4,4,4,444
334635,1,3,2,132
334677,3,2,1,321
334698,2,4,2,242
334719,2,5,5,255
334740,1,2,1,121
334782,2,2,2,222
334824,1,2,2,122
334845,1,2,1,121
334887,2,2,4,224
334908,5,3,4,534
334929,4,3,2,432
334950,4,4,4,444
334971,5,3,3,533
334992,3,4,3,343
335013,4,5,4,454
335055,4,5,5,455
335097,4,2,2,422
335118,2,2,1,221
335223,4,3,2,432
335265,4,4,3,443
335307,4,3,2,432
335349,5,4,3,543
335370,1,2,1,121
335391,4,5,5,455
335433,1,2,2,122
335454,3,5,5,355
335475,2,2,2,222
335496,2,3,2,232
335517,4,3,4,434
335538,2,2,4,224
335580,2,4,5,245
335601,4,5,5,455
335643,4,4,4,444
335664,5,5,5,555
335685,2,3,4,234
335706,4,2,1,421
335727,5,5,4,554
335748,4,2,1,421
335790,3,3,3,333
335832,5,2,1,521
335853,5,5,5,555
335874,3,2,2,322
335916,2,5,4,254
335958,3,4,5,345
336000,5,4,5,545
336063,4,4,5,445
336105,5,4,3,543
336126,1,2,1,121
336147,3,4,4,344
336168,4,4,2,442
336189,4,4,4,444
336210,1,4,2,142
336231,5,5,5,555
336252,3,4,4,344
336273,5,5,5,555
336294,3,4,3,343
336315,5,4,3,543
336336,5,5,4,554
336357,3,2,1,321
336378,3,3,2,332
336399,3,5,5,355
336420,4,4,3,443
336462,1,2,3,123
336483,3,4,3,343
336504,5,2,2,522
336525,4,2,2,422
336546,3,2,1,321
336567,2,5,4,254
336609,3,5,5,355
336630,1,2,2,122
336651,2,3,3,233
336693,5,5,5,555
336714,1,4,2,142
336756,2,3,3,233
336777,1,4,3,143
336798,5,4,2,542
336840,3,4,4,344
336861,4,4,5,445
336882,4,4,4,444
336903,3,4,3,343
336945,2,4,4,244
337008,1,3,2,132
337029,3,4,4,344
337050,2,2,1,221
337092,3,2,2,322
337113,4,3,4,434
337134,2,2,3,223
337155,1,2,1,121
337176,3,2,3,323
337197,4,5,5,455
337239,3,5,4,354
337302,5,4,4,544
337323,1,2,2,122
337365,1,2,2,122
337386,4,4,4,444
337470,4,3,3,433
337491,3,2,2,322
337512,1,2,3,123
337533,1,2,1,121
337596,5,5,5,555
337638,1,2,1,121
337659,4,4,4,444
337680,2,3,1,231
337701,3,4,5,345
337743,2,3,4,234
337764,1,2,2,122
337785,4,4,4,444
337806,3,4,4,344
337911,2,3,2,232
337932,2,4,3,243
337953,2,2,1,221
337974,5,4,4,544
338016,1,2,2,122
338037,1,2,1,121
338058,2,5,4,254
338079,3,4,3,343
338121,3,2,4,324
338142,3,4,4,344
338163,5,5,4,554
338184,3,2,2,322
338205,1,2,2,122
338226,3,2,1,321
338247,4,5,5,455
338268,2,2,3,223
338289,1,3,3,133
338310,3,4,4,344
338352,2,4,1,241
338373,1,2,1,121
338394,2,2,1,221
338415,5,5,4,554
338436,1,2,3,123
338457,1,2,1,121
338499,5,3,2,532
338520,3,4,4,344
338541,3,3,3,333
338562,2,4,3,243
338583,3,2,2,322
338604,1,2,2,122
338625,1,2,2,122
338646,4,4,5,445
338667,3,2,3,323
338688,4,4,4,444
338751,3,5,5,355
338793,5,5,5,555
338814,4,3,3,433
338835,1,2,3,123
338856,3,4,3,343
338919,4,4,3,443
338940,3,3,3,333
338961,2,2,3,223
338982,1,2,3,123
339003,5,5,5,555
339024,1,2,1,121
339045,5,5,5,555
339066,2,4,3,243
339087,2,2,2,222
339108,1,2,1,121
339129,5,3,2,532
339150,3,4,5,345
339192,1,2,4,124
339213,3,4,4,344
339276,5,5,5,555
339297,4,4,3,443
339339,1,2,2,122
339360,3,3,4,334
339381,5,5,5,555
339402,1,2,1,121
339423,1,3,3,133
339444,4,4,3,443
339528,5,5,5,555
339549,5,4,4,544
339570,3,5,4,354
339591,3,2,1,321
339612,2,4,4,244
339633,4,5,4,454
339654,2,4,4,244
339675,2,4,4,244
339717,3,2,2,322
339738,2,2,1,221
339759,3,2,1,321
339780,2,5,5,255
339801,2,2,2,222
339822,2,4,5,245
339843,3,2,2,322
339864,3,5,4,354
339885,4,3,3,433
339906,4,5,5,455
339927,4,5,5,455
339948,3,4,4,344
339969,4,3,1,431
339990,3,2,1,321
340011,5,5,5,555
340053,1,2,2,122
340158,2,2,2,222
340200,5,3,4,534
340221,5,4,4,544
340242,1,2,2,122
340263,3,4,3,343
340284,4,2,2,422
340305,4,4,3,443
340326,3,4,3,343
340347,4,2,2,422
340368,3,3,3,333
340389,2,4,5,245
340410,5,5,5,555
340431,2,2,3,223
340452,4,3,3,433
340473,2,2,1,221
340494,2,4,4,244
340515,2,2,2,222
340536,1,2,3,123
340557,1,3,2,132
340578,4,5,5,455
340641,3,4,3,343
340662,1,2,3,123
340704,3,4,4,344
340725,3,4,4,344
340746,1,4,2,142
340767,1,2,2,122
340809,2,3,4,234
340830,1,3,3,133
340872,3,4,3,343
340893,3,4,3,343
340935,3,4,3,343
340956,2,2,2,222
341019,3,3,2,332
341040,4,3,5,435
341061,5,5,5,555
341082,5,5,5,555
341103,3,3,2,332
341124,1,3,4,134
341145,4,4,4,444
341187,2,2,1,221
341208,3,2,1,321
341229,3,4,4,344
341250,1,3,2,132
341313,3,3,5,335
341355,4,5,5,455
341376,1,2,3,123
341397,2,2,1,221
341418,3,4,5,345
341460,3,2,4,324
341481,4,4,3,443
341565,5,5,5,555
341586,2,5,3,253
341628,3,3,3,333
341670,1,2,4,124
341691,5,4,4,544
341712,2,2,2,222
341754,1,2,2,122
341775,1,2,3,123
341796,2,2,3,223
341838,2,2,3,223
341859,4,4,4,444
341901,2,2,4,224
341922,1,2,1,121
341943,5,4,4,544
341964,4,3,3,433
342027,2,2,1,221
342132,2,2,2,222
342153,4,5,5,455
342195,5,4,4,544
342237,1,2,2,122
342258,4,4,3,443
342342,2,2,1,221
342363,4,4,5,445
342405,2,2,2,222
342426,1,5,3,153
342468,3,4,5,345
342489,2,3,3,233
342531,4,3,3,433
342573,5,3,2,532
342615,1,2,1,121
342636,3,5,5,355
342657,2,4,4,244
342678,3,2,2,322
342699,1,2,2,122
342720,2,3,4,234
342741,2,4,2,242
342762,5,3,2,532
342783,1,2,1,121
342804,2,4,2,242
342825,3,4,3,343
342846,5,5,5,555
342867,4,5,5,455
342930,4,4,2,442
342972,4,5,4,454
342993,5,5,5,555
343077,3,2,1,321
343098,2,2,1,221
343119,1,2,1,121
343140,2,2,3,223
343161,4,4,4,444
343182,2,4,2,242
343203,4,3,2,432
343224,2,2,1,221
343245,3,2,3,323
343287,5,3,3,533
343308,4,5,4,454
343329,1,2,1,121
343350,4,4,4,444
343371,1,2,1,121
343392,4,3,3,433
343413,5,5,5,555
343434,3,3,2,332
343476,1,4,1,141
343497,3,4,3,343
343518,5,4,5,545
343539,5,5,4,554
343560,5,5,5,555
343581,5,4,3,543
343602,4,4,3,443
343623,3,2,1,321
343644,5,3,3,533
343665,4,5,4,454
343686,4,2,2,422
343707,3,3,3,333
343728,5,3,2,532
343749,4,4,4,444
343770,2,4,4,244
343812,3,3,2,332
343854,3,3,2,332
343896,5,3,3,533
343917,1,2,3,123
343938,1,4,2,142
343959,5,4,5,545
343980,3,2,4,324
344043,2,3,3,233
344064,2,3,3,233
344085,3,4,2,342
344106,4,3,2,432
344127,1,2,1,121
344169,3,4,4,344
344232,1,2,1,121
344253,5,5,5,555
344274,3,4,4,344
344295,3,4,4,344
344358,2,3,4,234
344379,4,3,2,432
344400,2,2,2,222
344421,5,5,5,555
344442,1,3,2,132
344463,1,2,1,121
344484,3,2,2,322
344505,1,3,1,131
344526,4,2,1,421
344547,5,5,5,555
344589,3,4,4,344
344631,4,3,1,431
344652,3,2,1,321
344673,3,2,2,322
344694,4,3,1,431
344715,3,2,1,321
344736,4,4,4,444
344778,3,4,3,343
344799,2,5,4,254
344862,4,5,5,455
344883,4,2,2,422
344904,1,2,1,121
344925,1,2,2,122
344946,5,5,4,554
344967,1,3,2,132
345009,2,2,2,222
345030,3,2,2,322
345051,1,4,3,143
345072,3,2,2,322
345093,4,2,1,421
345114,4,5,4,454
345198,5,4,3,543
345240,5,4,5,545
345261,3,3,2,332
345282,5,4,3,543
345324,3,4,3,343
345345,3,2,1,321
345366,5,3,5,535
345387,2,2,2,222
345408,1,2,1,121
345429,1,3,3,133
345450,2,2,2,222
345471,2,2,2,222
345534,3,3,1,331
345555,3,5,4,354
345576,2,4,4,244
345597,1,2,1,121
345618,5,5,5,555
345660,4,4,3,443
345681,2,2,1,221
345702,2,4,1,241
345723,4,4,4,444
345744,4,4,4,444
345786,3,5,4,354
345828,2,2,1,221
345849,4,4,3,443
345870,3,4,3,343
345891,1,2,1,121
345933,2,4,2,242
345954,5,5,4,554
345975,2,4,3,243
346017,3,5,5,355
346038,4,4,2,442
346059,5,3,2,532
346080,2,2,3,223
346122,4,2,1,421
346143,1,2,1,121
346164,2,3,2,232
346185,2,2,2,222
346248,3,4,3,343
346311,3,2,3,323
346353,2,4,4,244
346374,1,2,3,123
346395,5,4,3,543
346416,5,4,4,544
346437,3,5,5,355
346458,2,3,1,231
346479,1,3,2,132
346500,5,5,2,552
346563,2,4,4,244
346584,4,2,2,422
346605,4,2,3,423
346626,4,3,1,431
346689,1,2,2,122
346710,1,2,2,122
346731,4,4,3,443
346773,5,4,3,543
346815,3,4,4,344
346836,4,2,1,421
346857,1,2,1,121
346878,3,3,3,333
346899,4,3,1,431
346920,1,4,4,144
346983,5,5,5,555
347025,5,5,5,555
347046,2,2,2,222
347067,2,2,1,221
347088,5,2,2,522
347109,1,2,2,122
347151,4,5,4,454
347172,4,4,5,445
347193,4,4,4,444
347235,5,2,3,523
347256,2,2,3,223
347319,5,4,4,544
347382,3,2,1,321
347445,2,2,2,222
347466,1,3,3,133
347529,5,5,5,555
347550,2,4,5,245
347571,2,4,4,244
347592,1,3,2,132
347613,2,5,5,255
347634,3,4,3,343
347655,3,3,2,332
347676,3,5,5,355
347697,4,3,2,432
347718,5,5,5,555
347760,4,3,3,433
347781,5,3,3,533
347823,3,2,4,324
347865,1,2,1,121
347886,4,4,3,443
347907,1,3,3,133
347949,5,2,1,521
347970,4,5,5,455
347991,4,4,4,444
348012,2,4,4,244
348033,2,3,3,233
348054,3,2,2,322
348201,1,2,1,121
348222,2,2,2,222
348243,1,2,1,121
348264,2,3,4,234
348306,1,2,2,122
348327,1,2,1,121
348369,3,4,2,342
348411,3,2,1,321
348432,5,5,5,555
348453,3,4,2,342
348474,2,2,1,221
348495,3,2,2,322
348516,4,3,2,432
348537,5,2,1,521
348558,1,2,1,121
348600,5,5,3,553
348621,3,2,1,321
348642,3,2,3,323
348663,2,3,3,233
348747,4,5,5,455
348789,4,5,5,455
348810,1,2,1,121
348831,1,2,1,121
348852,4,4,4,444
348873,3,2,3,323
348894,1,2,3,123
348936,4,3,3,433
348957,1,2,1,121
348978,4,4,5,445
348999,1,2,1,121
349020,5,3,1,531
349041,3,4,3,343
349083,1,2,1,121
349104,2,3,3,233
349125,1,2,2,122
349146,5,5,5,555
349167,2,2,2,222
349188,4,4,5,445
349209,2,3,2,232
349293,4,5,5,455
349314,1,3,1,131
349377,4,4,4,444
349398,4,5,4,454
349419,4,4,4,444
349461,2,2,1,221
349482,5,3,3,533
349503,1,2,3,123
349524,2,3,3,233
349587,2,3,1,231
349608,3,2,2,322
349650,3,2,3,323
349692,3,5,5,355
349713,4,3,4,434
349734,2,4,3,243
349755,4,5,5,455
349776,4,5,5,455
349797,5,4,3,543
349818,1,2,1,121
349839,1,2,1,121
349860,4,4,4,444
349965,1,2,1,121
349986,4,2,1,421
350007,3,3,3,333
350028,4,5,2,452
350049,4,4,4,444
350070,4,5,5,455
350091,4,4,4,444
350112,5,5,5,555
350154,3,3,2,332
350196,3,4,4,344
350238,5,5,5,555
350259,1,2,1,121
350280,3,2,1,321
350301,2,5,4,254
350322,5,4,4,544
350364,5,5,5,555
350385,3,3,2,332
350406,3,5,5,355
350448,5,4,4,544
350469,2,3,2,232
350490,2,3,1,231
350532,1,3,4,134
350553,3,3,2,332
350616,2,4,3,243
350637,1,2,1,121
350658,1,3,4,134
350700,5,5,5,555
350721,5,5,5,555
350805,5,5,5,555
350826,3,4,3,343
350868,3,2,3,323
350889,2,4,5,245
350910,4,5,5,455
350931,5,4,4,544
350952,5,5,5,555
350973,4,5,5,455
350994,1,4,4,144
351015,2,2,2,222
351036,1,3,3,133
351057,4,5,5,455
351078,1,2,3,123
351099,4,5,4,454
351120,4,2,1,421
351141,1,2,2,122
351162,4,5,5,455
351183,2,3,3,233
351225,1,5,3,153
351246,4,4,4,444
351267,1,2,1,121
351288,3,4,4,344
351309,3,5,5,355
351330,3,4,3,343
351372,4,2,3,423
351414,3,4,3,343
351435,2,4,5,245
351477,3,2,2,322
351498,1,2,1,121
351519,2,2,2,222
351582,3,2,2,322
351603,4,5,5,455
351624,5,5,4,554
351645,2,5,5,255
351666,5,5,5,555
351687,3,3,3,333
351708,4,4,4,444
351750,3,4,3,343
351771,4,2,4,424
351792,1,2,1,121
351813,3,2,1,321
351834,1,2,4,124
351855,2,4,4,244
351876,1,2,1,121
351897,1,2,1,121
351918,3,2,2,322
351939,5,4,3,543
351981,2,2,2,222
352002,4,4,4,444
352023,1,2,3,123
352044,5,5,5,555
352065,1,2,1,121
352086,1,3,4,134
352107,4,5,5,455
352128,3,4,2,342
352149,1,2,2,122
352170,3,4,3,343
352191,3,4,5,345
352233,3,2,1,321
352254,3,4,3,343
352275,5,5,4,554
352296,3,2,2,322
352317,2,3,1,231
352338,2,3,2,232
352359,5,5,5,555
352380,2,3,2,232
352401,1,2,2,122
352422,5,5,5,555
352464,4,2,1,421
352548,2,3,3,233
352569,5,2,1,521
352590,5,5,4,554
352611,4,5,4,454
352632,1,3,1,131
352653,3,2,2,322
352674,5,5,4,554
352695,1,2,2,122
352716,2,2,2,222
352800,5,2,4,524
352821,2,4,4,244
352863,3,2,2,322
352884,4,4,3,443
352905,2,3,2,232
352926,2,4,3,243
352947,2,4,4,244
352968,2,3,2,232
352989,4,4,3,443
353010,1,2,2,122
353031,5,3,3,533
353052,1,2,2,122
353073,5,5,4,554
353094,4,5,5,455
353136,2,4,2,242
353157,5,5,4,554
353178,5,5,5,555
353220,2,2,3,223
353283,1,2,2,122
353304,4,3,2,432
353325,3,3,3,333
353346,3,2,2,322
353388,2,3,1,231
353409,2,2,1,221
353430,3,2,2,322
353472,1,4,1,141
353493,5,4,4,544
353514,1,2,2,122
353535,2,3,1,231
353556,3,3,2,332
353577,4,5,5,455
353598,1,3,3,133
353619,5,5,5,555
353661,3,5,4,354
353682,2,4,4,244
353703,3,5,5,355
353766,3,2,1,321
353787,3,2,1,321
353808,3,2,2,322
353829,1,2,1,121
353850,1,2,2,122
353871,5,4,2,542
353892,5,3,1,531
353955,4,3,2,432
353976,4,2,1,421
354018,1,2,2,122
354039,2,3,3,233
354081,3,3,1,331
354123,4,3,3,433
354186,2,4,1,241
354249,4,4,3,443
354291,4,5,5,455
354312,2,4,3,243
354333,5,5,5,555
354375,3,4,4,344
354417,5,5,3,553
354438,2,2,1,221
354480,4,5,4,454
354501,3,2,2,322
354522,3,4,3,343
354543,1,3,1,131
354564,3,3,2,332
354585,4,4,2,442
354627,3,2,1,321
354669,1,4,4,144
354711,5,4,3,543
354732,5,4,3,543
354753,1,2,1,121
354795,3,2,1,321
354837,1,3,2,132
354858,4,4,3,443
354879,5,5,4,554
354900,4,4,3,443
354942,2,2,4,224
354963,4,2,2,422
354984,5,5,5,555
355005,5,5,5,555
355026,2,4,3,243
355047,4,4,4,444
355089,2,2,2,222
355110,5,5,4,554
355152,4,5,5,455
355173,1,2,1,121
355194,3,2,1,321
355215,5,5,3,553
355236,4,3,3,433
355257,1,2,2,122
355278,3,5,4,354
355299,2,5,5,255
355341,3,2,1,321
355383,5,5,5,555
355404,4,4,3,443
355446,1,2,1,121
355467,2,4,3,243
355488,2,5,5,255
355509,5,5,4,554
355530,4,4,2,442
355551,5,5,5,555
355572,3,2,1,321
355593,5,3,3,533
355614,3,3,4,334
355656,4,2,1,421
355698,5,4,5,545
355740,3,4,5,345
355782,5,5,4,554
355803,1,4,3,143
355845,4,5,5,455
355887,1,2,2,122
355908,2,4,2,242
355929,5,5,4,554
355950,3,4,4,344
355971,2,4,4,244
355992,2,3,1,231
356013,4,2,1,421
356034,5,5,5,555
356055,1,4,3,143
356076,4,2,2,422
356097,1,3,2,132
356139,2,2,1,221
356160,3,4,3,343
356181,2,2,1,221
356223,1,2,1,121
356265,1,2,1,121
356286,5,5,5,555
356307,1,2,2,122
356328,5,3,2,532
356349,3,4,3,343
356391,3,2,2,322
356496,1,2,2,122
356538,2,2,2,222
356559,5,5,4,554
356580,1,3,4,134
356622,3,2,2,322
356643,5,5,4,554
356664,2,3,5,235
356685,4,5,5,455
356706,4,3,4,434
356727,5,5,4,554
356748,5,2,1,521
356769,5,5,4,554
356790,1,2,1,121
356832,5,4,4,544
356916,4,5,4,454
356937,1,4,3,143
356958,2,4,2,242
356979,4,3,3,433
357021,5,5,5,555
357042,2,4,4,244
357084,3,3,4,334
357126,5,4,3,543
357147,3,5,3,353
357210,4,2,1,421
357231,4,2,2,422
357294,5,4,3,543
357315,4,4,4,444
357357,5,5,5,555
357378,3,3,3,333
357399,5,4,4,544
357462,4,2,1,421
357504,3,4,1,341
357525,3,4,2,342
357546,1,3,1,131
357567,2,5,3,253
357609,2,3,3,233
357630,3,2,1,321
357651,5,3,2,532
357693,2,4,4,244
357714,4,4,3,443
357735,1,3,2,132
357777,2,2,4,224
357798,4,2,1,421
357840,2,2,2,222
357861,4,4,4,444
357882,5,4,4,544
357903,4,4,4,444
357924,4,2,4,424
357945,2,4,2,242
357966,2,2,3,223
357987,2,4,4,244
358008,2,4,4,244
358029,5,5,5,555
358050,2,5,5,255
358071,1,2,1,121
358092,4,2,2,422
358113,2,2,3,223
358134,4,4,4,444
358218,2,4,4,244
358239,4,4,5,445
358260,1,2,1,121
358281,2,5,5,255
358302,1,4,3,143
358323,4,5,4,454
358344,3,4,3,343
358428,5,5,5,555
358449,4,5,5,455
358470,2,2,2,222
358491,4,5,5,455
358533,4,4,4,444
358575,4,4,3,443
358596,3,4,3,343
358638,3,3,2,332
358659,2,2,1,221
358680,4,3,2,432
358701,4,3,2,432
358722,3,3,4,334
358743,2,4,4,244
358764,3,3,5,335
358785,2,4,4,244
358806,5,5,5,555
358848,4,4,4,444
358890,5,5,4,554
358911,5,5,5,555
358932,3,4,4,344
358974,1,2,2,122
358995,4,4,4,444
359016,4,4,4,444
359037,5,5,4,554
359100,4,3,4,434
359121,5,4,4,544
359142,1,2,1,121
359205,2,3,3,233
359247,3,5,5,355
359289,4,5,3,453
359310,2,2,1,221
359331,3,2,1,321
359394,5,5,3,553
359415,5,4,3,543
359457,1,2,1,121
359478,1,2,1,121
359499,5,3,3,533
359520,1,2,2,122
359562,2,2,1,221
359583,2,2,2,222
359604,1,2,2,122
359625,3,2,1,321
359646,2,4,4,244
359688,1,2,1,121
359751,5,4,5,545
359793,4,5,5,455
359814,2,3,2,232
359835,4,5,4,454
359898,1,2,2,122
359919,4,5,5,455
359940,1,2,2,122
359982,1,2,3,123
360024,5,3,4,534
360066,2,4,3,243
360087,4,4,4,444
360108,3,2,1,321
360192,1,4,4,144
360213,4,2,1,421
360234,2,2,2,222
360255,4,3,2,432
360297,5,3,2,532
360318,4,4,4,444
360339,4,4,4,444
360360,4,5,5,455
360402,4,5,4,454
360423,4,3,2,432
360444,4,5,5,455
360465,1,2,1,121
360486,3,3,1,331
360549,3,3,3,333
360591,1,2,1,121
360612,2,2,2,222
360633,5,5,5,555
360654,1,2,1,121
360675,3,4,4,344
360696,1,2,2,122
360759,2,4,3,243
360780,3,4,3,343
360801,3,3,1,331
360843,5,5,5,555
360906,3,3,1,331
360927,1,2,1,121
360948,5,5,5,555
360969,2,3,2,232
360990,3,3,2,332
361011,4,5,5,455
361053,3,5,4,354
361074,1,3,2,132
361137,4,2,4,424
361158,4,4,3,443
361221,3,2,2,322
361263,3,5,5,355
361284,2,4,4,244
361305,3,2,2,322
361326,3,2,1,321
361431,4,5,5,455
361452,1,2,1,121
361473,3,5,5,355
361494,3,5,4,354
361557,1,2,1,121
361578,5,5,4,554
361599,4,2,1,421
361620,4,5,5,455
361641,5,3,2,532
361662,3,2,2,322
361683,1,3,2,132
361746,1,2,2,122
361767,4,5,3,453
361788,4,5,4,454
361809,2,3,2,232
361830,1,5,5,155
361851,5,5,5,555
361872,5,3,2,532
361893,3,2,1,321
361914,1,2,1,121
361935,4,3,3,433
361956,5,5,3,553
361977,5,3,2,532
361998,5,5,5,555
362019,1,2,2,122
362082,2,3,4,234
362103,5,5,5,555
362124,3,2,4,324
362145,1,2,1,121
362187,4,2,2,422
362208,2,2,2,222
362250,5,3,2,532
362271,1,2,1,121
362292,2,3,2,232
362313,4,2,1,421
362334,5,3,2,532
362355,3,3,2,332
362376,2,3,1,231
362439,2,3,3,233
362502,3,4,4,344
362523,1,2,1,121
362565,2,3,3,233
362586,5,4,2,542
362607,2,3,2,232
362628,2,4,3,243
362712,3,4,5,345
362754,3,2,1,321
362817,1,3,4,134
362838,1,2,2,122
362859,3,2,1,321
362922,2,4,4,244
362964,3,5,4,354
363006,4,2,1,421
363027,4,5,4,454
363048,5,5,4,554
363069,4,4,3,443
363090,5,3,3,533
363111,1,2,3,123
363153,5,5,4,554
363195,4,4,3,443
363237,4,2,1,421
363258,2,3,2,232
363279,5,4,3,543
363321,4,2,1,421
363342,4,4,4,444
363363,1,2,2,122
363426,5,5,5,555
363489,2,2,1,221
363531,2,3,4,234
363552,2,4,3,243
363573,4,2,5,425
363594,4,5,5,455
363615,5,5,5,555
363657,3,4,5,345
363720,2,4,4,244
363741,5,3,3,533
363783,4,5,3,453
363804,4,4,4,444
363825,1,2,1,121
363909,4,3,2,432
363930,4,3,2,432
363951,2,2,1,221
363993,2,2,3,223
364014,1,3,2,132
364077,2,4,4,244
364098,4,5,5,455
364119,2,3,1,231
364140,4,5,5,455
364161,2,4,3,243
364203,1,2,1,121
364224,3,2,1,321
364245,4,4,3,443
364266,5,5,5,555
364287,2,2,1,221
364308,4,4,4,444
364329,2,2,1,221
364350,5,4,4,544
364371,3,4,3,343
364413,2,3,4,234
364434,3,2,4,324
364476,1,2,1,121
364497,4,3,2,432
364518,1,3,2,132
364539,5,2,1,521
364560,4,4,3,443
364581,3,4,2,342
364602,1,3,2,132
364644,5,5,5,555
364665,5,5,5,555
364707,1,2,1,121
364728,4,5,4,454
364770,2,4,2,242
364791,4,4,2,442
364812,3,5,4,354
364833,3,4,3,343
364854,1,3,3,133
364875,1,4,2,142
364896,3,3,1,331
364917,4,5,5,455
364959,5,2,2,522
365001,5,5,5,555
365022,3,2,1,321
365043,5,2,1,521
365064,4,3,2,432
365085,4,2,1,421
365106,5,5,5,555
365127,4,3,3,433
365148,2,4,4,244
365169,5,5,5,555
365211,2,3,3,233
365232,1,3,2,132
365274,1,2,1,121
365316,3,5,5,355
365337,4,3,3,433
365358,2,4,3,243
365400,2,4,5,245
365442,5,5,5,555
365463,3,2,2,322
365484,5,5,5,555
365505,5,4,4,544
365526,1,4,5,145
365568,2,2,1,221
365589,1,3,3,133
365610,4,4,4,444
365631,5,4,3,543
365652,5,5,4,554
365694,3,3,3,333
365715,2,2,3,223
365736,4,5,5,455
365778,3,3,2,332
365799,5,5,5,555
365820,3,4,3,343
365862,4,5,4,454
365883,3,3,3,333
365925,4,3,3,433
365946,5,5,5,555
365967,3,2,1,321
365988,5,5,5,555
366009,2,4,3,243
366030,4,3,2,432
366051,1,2,2,122
366072,4,3,2,432
366093,2,2,2,222
366114,5,5,5,555
366156,5,3,1,531
366198,1,2,2,122
366240,2,4,1,241
366282,3,5,5,355
366303,1,2,3,123
366324,2,4,5,245
366366,2,3,1,231
366387,3,3,3,333
366429,5,5,5,555
366450,5,5,5,555
366471,5,5,4,554
366513,4,3,3,433
366534,1,4,3,143
366555,1,2,1,121
366576,1,2,2,122
366597,2,4,4,244
366618,4,2,2,422
366639,3,3,3,333
366660,2,5,3,253
366681,4,4,3,443
366702,3,3,3,333
366723,4,4,4,444
366744,2,2,2,222
366786,5,3,3,533
366828,5,3,1,531
366849,4,4,4,444
366870,3,4,4,344
366912,1,4,3,143
366975,2,2,1,221
367080,2,2,3,223
367101,5,4,4,544
367143,3,4,2,342
367206,1,2,2,122
367269,3,3,2,332
367290,5,5,5,555
367311,5,5,5,555
367332,1,2,2,122
367395,5,3,3,533
367416,1,2,2,122
367458,2,2,2,222
367479,1,2,3,123
367500,4,4,4,444
367521,1,3,2,132
367542,5,4,3,543
367563,5,3,3,533
367584,1,5,5,155
367605,2,3,4,234
367626,2,2,2,222
367647,1,3,3,133
367668,1,2,2,122
367689,3,5,5,355
367710,4,2,2,422
367731,5,5,5,555
367752,4,5,5,455
367773,2,2,3,223
367794,2,2,1,221
367815,4,4,3,443
367836,4,4,3,443
367857,1,2,1,121
367899,4,5,4,454
367920,3,2,3,323
367941,4,4,3,443
367962,5,4,4,544
367983,5,4,3,543
368004,1,2,1,121
368025,1,2,2,122
368046,5,4,4,544
368067,3,4,4,344
368088,5,5,5,555
368130,5,5,5,555
368151,1,2,2,122
368214,3,2,1,321
368235,1,2,1,121
368256,2,2,1,221
368277,4,3,3,433
368298,4,2,1,421
368340,4,3,3,433
368382,1,2,1,121
368445,3,4,3,343
368508,1,2,1,121
368529,4,3,1,431
368550,1,4,1,141
368571,1,2,2,122
368592,3,4,3,343
368613,2,2,4,224
368634,5,4,4,544
368655,4,3,2,432
368676,1,2,1,121
368697,4,4,3,443
368760,2,4,3,243
368781,4,2,1,421
368802,4,5,4,454
368844,4,4,2,442
368886,5,3,3,533
368907,5,5,5,555
368949,1,2,2,122
368991,3,4,4,344
369012,3,4,1,341
369033,4,4,2,442
369054,1,2,1,121
369096,5,5,5,555
369138,1,2,1,121
369159,5,4,2,542
369180,1,4,1,141
369201,5,5,5,555
369222,1,2,1,121
369264,5,3,4,534
369285,2,4,4,244
369348,2,4,4,244
369369,3,4,5,345
369390,5,4,4,544
369411,2,5,5,255
369453,5,4,5,545
369474,2,3,4,234
369495,5,3,2,532
369516,4,5,5,455
369537,1,2,5,125
369600,4,2,1,421
369621,1,2,1,121
369642,5,5,5,555
369663,2,2,2,222
369684,1,3,2,132
369768,3,3,1,331
369789,3,4,4,344
369831,5,5,5,555
369852,3,5,5,355
369873,4,5,5,455
369894,3,2,2,322
369915,2,4,2,242
369936,2,4,3,243
369978,5,4,4,544
369999,1,2,1,121
370020,3,2,1,321
370041,4,4,4,444
370083,4,2,3,423
370104,4,3,3,433
370125,4,4,4,444
370188,2,2,1,221
370209,5,5,4,554
370230,2,3,3,233
370251,5,4,3,543
370293,4,4,4,444
370314,3,5,5,355
370356,4,2,2,422
370377,4,3,3,433
370419,1,2,1,121
370440,2,2,3,223
370482,2,3,3,233
370503,1,2,1,121
370524,5,5,5,555
370566,1,4,4,144
370587,3,2,1,321
370608,3,4,4,344
370629,2,2,3,223
370650,4,2,1,421
370671,5,5,5,555
370692,4,5,5,455
370713,3,4,4,344
370734,1,2,1,121
370755,5,5,5,555
370776,2,4,4,244
370818,4,3,3,433
370839,4,5,5,455
370860,2,2,1,221
370923,4,5,4,454
370944,4,3,3,433
370986,5,3,3,533
371007,3,4,5,345
371028,5,3,2,532
371049,3,5,5,355
371070,1,2,1,121
371091,4,4,4,444
371112,3,3,5,335
371133,5,5,4,554
371154,2,3,3,233
371175,5,5,5,555
371196,5,5,4,554
371217,5,5,5,555
371238,1,2,2,122
371259,3,3,4,334
371280,4,2,1,421
371322,5,5,5,555
371364,3,2,1,321
371385,4,5,5,455
371406,5,5,5,555
371490,4,5,5,455
371511,1,3,2,132
371532,2,4,3,243
371553,2,2,1,221
371574,2,2,2,222
371595,2,3,3,233
371616,3,5,5,355
371637,1,2,2,122
371658,1,2,1,121
371700,4,4,5,445
371721,1,2,2,122
371742,4,4,4,444
371763,3,4,3,343
371784,2,3,3,233
371805,5,5,4,554
371826,5,5,5,555
371847,1,3,1,131
371868,1,3,2,132
371889,2,2,1,221
371931,5,3,2,532
371952,3,2,3,323
371994,1,2,1,121
372015,1,2,2,122
372036,4,5,5,455
372078,1,2,1,121
372099,3,5,5,355
372120,4,4,4,444
372162,2,4,5,245
372183,2,5,5,255
372204,3,4,4,344
372225,4,5,5,455
372267,4,2,4,424
372288,5,4,5,545
372330,5,5,5,555
372351,2,4,4,244
372372,1,2,2,122
372393,3,3,3,333
372414,3,4,3,343
372435,5,5,5,555
372456,5,4,2,542
372477,5,3,1,531
372498,4,4,4,444
372519,5,5,5,555
372582,2,3,2,232
372624,5,5,5,555
372666,1,2,1,121
372687,2,2,1,221
372729,2,3,3,233
372750,5,5,4,554
372792,1,2,1,121
372834,5,4,4,544
372897,5,5,5,555
372918,4,5,5,455
372939,4,4,3,443
372960,4,3,2,432
372981,4,2,3,423
373023,1,2,1,121
373044,3,3,3,333
373065,2,4,2,242
373107,4,2,2,422
373128,5,4,4,544
373149,5,5,5,555
373170,1,4,3,143
373191,3,3,2,332
373212,5,3,1,531
373254,2,4,4,244
373275,1,2,1,121
373317,4,4,3,443
373359,4,4,3,443
373401,2,3,1,231
373443,2,3,2,232
373485,3,2,1,321
373506,2,3,1,231
373527,2,4,4,244
373548,2,3,4,234
373569,1,2,1,121
373590,4,5,4,454
373611,4,2,1,421
373653,4,2,2,422
373695,2,3,2,232
373716,3,4,3,343
373737,4,4,3,443
373779,4,5,5,455
373800,3,5,4,354
373842,2,4,4,244
373905,2,2,3,223
373926,5,2,3,523
373989,4,5,5,455
374031,5,5,5,555
374052,5,4,3,543
374073,4,4,4,444
374136,3,4,1,341
374157,5,4,2,542
374199,3,5,5,355
374304,3,2,2,322
374367,5,4,4,544
374388,4,4,4,444
374409,1,2,3,123
374430,5,4,2,542
374451,3,2,1,321
374472,3,2,1,321
374535,5,4,2,542
374556,3,2,1,321
374577,3,5,4,354
374598,4,4,5,445
374619,3,2,2,322
374661,5,5,5,555
374703,1,2,1,121
374724,2,2,1,221
374766,2,2,5,225
374808,2,5,3,253
374829,1,4,3,143
374850,1,5,5,155
374892,5,3,1,531
374934,1,3,2,132
374955,1,2,1,121
374976,5,4,4,544
374997,5,5,5,555
375018,5,5,5,555
375039,1,2,1,121
375060,1,2,1,121
375081,5,5,5,555
375102,1,2,1,121
375123,3,5,5,355
375144,5,4,3,543
375165,4,5,5,455
375186,2,2,2,222
375207,4,5,4,454
375249,2,4,2,242
375270,5,5,4,554
375291,1,2,1,121
375333,2,4,4,244
375354,1,5,3,153
375417,2,2,1,221
375438,3,2,2,322
375459,2,2,1,221
375480,1,2,2,122
375501,1,2,1,121
375543,5,4,3,543
375564,5,4,3,543
375585,5,2,1,521
375606,4,4,3,443
375627,2,2,1,221
375648,4,5,3,453
375669,1,3,1,131
375690,1,3,3,133
375711,2,2,1,221
375732,3,4,2,342
375753,1,2,1,121
375774,3,5,4,354
375795,3,2,1,321
375816,4,2,2,422
375837,2,4,3,243
375858,2,3,1,231
375879,2,2,1,221
375900,1,3,1,131
375921,4,2,1,421
375984,4,2,1,421
376005,3,4,3,343
376026,1,2,1,121
376068,1,2,1,121
376131,5,2,2,522
376152,1,4,2,142
376173,3,3,2,332
376194,5,2,2,522
376257,3,4,2,342
376299,2,2,4,224
376320,5,5,5,555
376341,3,4,3,343
376383,1,2,1,121
376404,5,5,5,555
376425,1,2,2,122
376446,2,3,2,232
376488,3,3,1,331
376509,5,4,3,543
376530,3,4,4,344
376551,2,3,2,232
376572,4,4,4,444
376614,3,3,3,333
376635,2,3,1,231
376656,5,2,2,522
376677,5,5,5,555
376719,2,2,1,221
376740,3,5,5,355
376761,2,2,2,222
376782,5,2,1,521
376866,1,3,1,131
376887,3,2,1,321
376908,2,2,2,222
376929,5,5,5,555
376950,2,4,2,242
376971,3,4,4,344
377034,5,5,5,555
377055,1,4,3,143
377076,1,2,1,121
377097,3,2,1,321
377118,2,2,3,223
377160,2,2,1,221
377181,4,5,4,454
377202,2,2,1,221
377244,4,3,2,432
377265,3,5,5,355
377286,3,4,4,344
377307,1,2,1,121
377328,1,2,1,121
377349,2,3,1,231
377370,1,2,3,123
377412,1,2,1,121
377433,3,2,2,322
377454,4,4,3,443
377475,4,5,5,455
377496,1,2,1,121
377517,4,2,2,422
377538,1,2,2,122
377559,3,4,3,343
377580,2,4,3,243
377664,2,2,1,221
377685,4,2,2,422
377706,3,2,1,321
377727,1,2,1,121
377748,5,5,1,551
377790,1,4,3,143
377811,1,3,1,131
377874,2,4,3,243
377895,1,2,1,121
377937,2,5,4,254
377979,3,3,2,332
378021,5,3,2,532
378084,1,2,1,121
378105,5,3,1,531
378126,4,2,2,422
378168,3,5,5,355
378189,1,2,2,122
378210,1,2,1,121
378231,1,2,1,121
378273,2,3,1,231
378294,4,2,1,421
378315,5,2,1,521
378336,4,4,4,444
378357,2,4,3,243
378378,2,3,1,231
378399,3,2,1,321
378462,3,2,3,323
378504,2,3,2,232
378567,2,2,1,221
378630,5,3,1,531
378672,1,2,1,121
378693,3,2,1,321
378714,4,3,2,432
378735,3,4,3,343
378756,4,4,2,442
378777,2,5,1,251
378840,4,3,2,432
378861,5,5,5,555
378882,3,2,1,321
378903,4,4,3,443
378924,5,5,5,555
378945,3,2,1,321
379008,1,3,1,131
379050,1,2,1,121
379113,3,2,2,322
379155,5,5,5,555
379176,1,2,2,122
379218,5,2,1,521
379239,4,4,2,442
379281,4,5,5,455
379302,2,4,3,243
379344,2,3,3,233
379365,5,5,5,555
379386,2,2,2,222
379407,3,2,2,322
379428,1,2,1,121
379449,4,4,4,444
379491,1,3,2,132
379512,1,2,1,121
379533,2,5,5,255
379554,1,2,3,123
379575,4,5,5,455
379617,5,5,5,555
379638,1,3,2,132
379659,3,4,5,345
379680,4,3,4,434
379701,3,4,2,342
379722,4,2,3,423
379764,4,2,1,421
379785,1,3,3,133
379806,1,2,1,121
379827,2,3,5,235
379848,3,2,1,321
379932,5,5,5,555
379953,2,4,5,245
379974,2,5,5,255
379995,1,3,3,133
380016,5,4,3,543
380037,5,5,5,555
380079,2,2,1,221
380121,5,3,1,531
380142,5,5,5,555
380184,3,2,3,323
380205,3,2,1,321
380226,1,2,2,122
380268,1,2,2,122
380289,5,5,5,555
380310,4,2,1,421
380352,5,3,2,532
380373,1,2,1,121
380394,1,2,1,121
380436,3,5,4,354
380457,4,2,2,422
380478,5,5,5,555
380499,1,2,1,121
380520,1,2,1,121
380541,2,3,3,233
380562,5,5,4,554
380583,4,3,3,433
380625,4,4,4,444
380646,3,2,1,321
380667,4,4,2,442
380709,1,2,1,121
380730,4,4,4,444
380793,1,2,4,124
380835,4,4,3,443
380856,3,4,3,343
380898,1,2,1,121
380919,4,5,5,455
380982,2,3,4,234
381003,2,3,4,234
381024,5,5,5,555
381045,5,4,5,545
381066,2,3,1,231
381087,3,3,1,331
381129,3,4,3,343
381150,4,4,3,443
381171,2,3,3,233
381234,5,3,2,532
381255,2,4,2,242
381276,5,3,3,533
381318,5,3,2,532
381339,1,2,3,123
381360,3,3,3,333
381381,4,4,4,444
381444,3,2,2,322
381465,2,2,2,222
381507,4,4,4,444
381528,2,5,4,254
381549,3,2,1,321
381570,3,4,4,344
381591,3,4,4,344
381612,4,5,5,455
381633,2,4,5,245
381654,5,2,1,521
381696,1,2,2,122
381717,4,5,4,454
381738,2,4,4,244
381759,5,5,4,554
381780,5,5,4,554
381801,4,2,2,422
381843,1,3,3,133
381864,4,2,1,421
381885,1,2,2,122
381948,4,4,4,444
381969,2,3,4,234
381990,1,3,2,132
382011,1,2,1,121
382032,3,2,4,324
382053,2,2,2,222
382074,2,2,4,224
382116,2,3,3,233
382158,5,5,5,555
382200,2,2,1,221
382242,1,4,4,144
382263,2,2,1,221
382284,3,4,4,344
382305,3,3,3,333
382389,4,2,1,421
382410,5,5,5,555
382431,4,4,3,443
382452,1,2,1,121
382473,1,2,1,121
382515,2,2,2,222
382536,4,2,2,422
382557,4,3,3,433
382578,1,3,3,133
382599,5,5,5,555
382620,1,2,2,122
382641,4,4,4,444
382662,2,2,2,222
382683,5,5,5,555
382704,1,2,1,121
382725,5,5,5,555
382746,3,5,5,355
382767,1,2,1,121
382788,3,3,3,333
382809,5,5,5,555
382830,5,5,5,555
382851,1,4,4,144
382872,2,4,3,243
382893,1,2,2,122
382935,3,4,4,344
382956,4,5,3,453
382977,5,4,4,544
383019,1,4,4,144
383040,3,2,2,322
383061,5,5,5,555
383082,2,4,5,245
383145,5,5,5,555
383166,4,3,3,433
383208,2,3,3,233
383229,4,2,1,421
383250,1,2,2,122
383271,2,2,5,225
383292,3,3,3,333
383355,2,2,1,221
383397,3,5,5,355
383439,4,4,5,445
383460,2,5,5,255
383481,3,3,2,332
383502,2,2,1,221
383523,4,4,4,444
383565,2,3,3,233
383628,2,2,1,221
383649,1,2,1,121
383670,3,3,2,332
383712,5,5,5,555
383733,5,4,1,541
383754,4,2,1,421
383796,3,2,2,322
383817,3,2,1,321
383838,2,2,1,221
383880,1,2,1,121
383901,1,2,1,121
383922,5,3,1,531
383943,5,5,4,554
384027,3,4,4,344
